edge_id,edge_index,region_id,region_point_id,global_vertex_id
L10__L13,0,T003,0,624
L10__L13,1,T003,25,649
L10__L13,2,T003,49,673
L10__L13,3,T003,72,696
L10__L13,4,T003,94,718
L10__L13,5,T003,115,739
L10__L13,6,T003,135,759
L10__L13,7,T003,154,778
L10__L13,8,T003,172,796
L10__L13,9,T003,189,813
L10__L13,10,T003,205,829
L10__L13,11,T003,220,844
L10__L13,12,T003,234,858
L10__L13,13,T003,247,871
L10__L13,14,T003,259,883
L10__L13,15,T003,270,894
L10__L13,16,T003,280,904
L10__L13,17,T003,289,913
L10__L13,18,T003,297,921
L10__L13,19,T003,304,928
L10__L13,20,T003,310,934
L10__L13,21,T003,315,939
L10__L13,22,T003,319,943
L10__L13,23,T003,322,946
L10__L13,24,T003,324,948
L10__L13,0,T004,0,624
L10__L13,1,T004,25,649
L10__L13,2,T004,49,673
L10__L13,3,T004,72,696
L10__L13,4,T004,94,718
L10__L13,5,T004,115,739
L10__L13,6,T004,135,759
L10__L13,7,T004,154,778
L10__L13,8,T004,172,796
L10__L13,9,T004,189,813
L10__L13,10,T004,205,829
L10__L13,11,T004,220,844
L10__L13,12,T004,234,858
L10__L13,13,T004,247,871
L10__L13,14,T004,259,883
L10__L13,15,T004,270,894
L10__L13,16,T004,280,904
L10__L13,17,T004,289,913
L10__L13,18,T004,297,921
L10__L13,19,T004,304,928
L10__L13,20,T004,310,934
L10__L13,21,T004,315,939
L10__L13,22,T004,319,943
L10__L13,23,T004,322,946
L10__L13,24,T004,324,948
L10__L17,0,T003,0,624
L10__L17,1,T003,1,625
L10__L17,2,T003,2,626
L10__L17,3,T003,3,627
L10__L17,4,T003,4,628
L10__L17,5,T003,5,629
L10__L17,6,T003,6,630
L10__L17,7,T003,7,631
L10__L17,8,T003,8,632
L10__L17,9,T003,9,633
L10__L17,10,T003,10,634
L10__L17,11,T003,11,635
L10__L17,12,T003,12,636
L10__L17,13,T003,13,637
L10__L17,14,T003,14,638
L10__L17,15,T003,15,639
L10__L17,16,T003,16,640
L10__L17,17,T003,17,641
L10__L17,18,T003,18,642
L10__L17,19,T003,19,643
L10__L17,20,T003,20,644
L10__L17,21,T003,21,645
L10__L17,22,T003,22,646
L10__L17,23,T003,23,647
L10__L17,24,T003,24,648
L10__L17,0,T005,0,624
L10__L17,1,T005,25,625
L10__L17,2,T005,49,626
L10__L17,3,T005,72,627
L10__L17,4,T005,94,628
L10__L17,5,T005,115,629
L10__L17,6,T005,135,630
L10__L17,7,T005,154,631
L10__L17,8,T005,172,632
L10__L17,9,T005,189,633
L10__L17,10,T005,205,634
L10__L17,11,T005,220,635
L10__L17,12,T005,234,636
L10__L17,13,T005,247,637
L10__L17,14,T005,259,638
L10__L17,15,T005,270,639
L10__L17,16,T005,280,640
L10__L17,17,T005,289,641
L10__L17,18,T005,297,642
L10__L17,19,T005,304,643
L10__L17,20,T005,310,644
L10__L17,21,T005,315,645
L10__L17,22,T005,319,646
L10__L17,23,T005,322,647
L10__L17,24,T005,324,648
L10__L18,0,T005,0,624
L10__L18,1,T005,1,1225
L10__L18,2,T005,2,1226
L10__L18,3,T005,3,1227
L10__L18,4,T005,4,1228
L10__L18,5,T005,5,1229
L10__L18,6,T005,6,1230
L10__L18,7,T005,7,1231
L10__L18,8,T005,8,1232
L10__L18,9,T005,9,1233
L10__L18,10,T005,10,1234
L10__L18,11,T005,11,1235
L10__L18,12,T005,12,1236
L10__L18,13,T005,13,1237
L10__L18,14,T005,14,1238
L10__L18,15,T005,15,1239
L10__L18,16,T005,16,1240
L10__L18,17,T005,17,1241
L10__L18,18,T005,18,1242
L10__L18,19,T005,19,1243
L10__L18,20,T005,20,1244
L10__L18,21,T005,21,1245
L10__L18,22,T005,22,1246
L10__L18,23,T005,23,1247
L10__L18,24,T005,24,1248
L10__L2,0,T002,324,624
L10__L2,1,T002,322,622
L10__L2,2,T002,319,619
L10__L2,3,T002,315,615
L10__L2,4,T002,310,610
L10__L2,5,T002,304,604
L10__L2,6,T002,297,597
L10__L2,7,T002,289,589
L10__L2,8,T002,280,580
L10__L2,9,T002,270,570
L10__L2,10,T002,259,559
L10__L2,11,T002,247,547
L10__L2,12,T002,234,534
L10__L2,13,T002,220,520
L10__L2,14,T002,205,505
L10__L2,15,T002,189,489
L10__L2,16,T002,172,472
L10__L2,17,T002,154,454
L10__L2,18,T002,135,435
L10__L2,19,T002,115,415
L10__L2,20,T002,94,394
L10__L2,21,T002,72,372
L10__L2,22,T002,49,349
L10__L2,23,T002,25,325
L10__L2,24,T002,0,0
L10__L31,0,T002,324,624
L10__L31,1,T002,323,623
L10__L31,2,T002,321,621
L10__L31,3,T002,318,618
L10__L31,4,T002,314,614
L10__L31,5,T002,309,609
L10__L31,6,T002,303,603
L10__L31,7,T002,296,596
L10__L31,8,T002,288,588
L10__L31,9,T002,279,579
L10__L31,10,T002,269,569
L10__L31,11,T002,258,558
L10__L31,12,T002,246,546
L10__L31,13,T002,233,533
L10__L31,14,T002,219,519
L10__L31,15,T002,204,504
L10__L31,16,T002,188,488
L10__L31,17,T002,171,471
L10__L31,18,T002,153,453
L10__L31,19,T002,134,434
L10__L31,20,T002,114,414
L10__L31,21,T002,93,393
L10__L31,22,T002,71,371
L10__L31,23,T002,48,348
L10__L31,24,T002,24,24
L10__L31,0,T004,0,624
L10__L31,1,T004,1,623
L10__L31,2,T004,2,621
L10__L31,3,T004,3,618
L10__L31,4,T004,4,614
L10__L31,5,T004,5,609
L10__L31,6,T004,6,603
L10__L31,7,T004,7,596
L10__L31,8,T004,8,588
L10__L31,9,T004,9,579
L10__L31,10,T004,10,569
L10__L31,11,T004,11,558
L10__L31,12,T004,12,546
L10__L31,13,T004,13,533
L10__L31,14,T004,14,519
L10__L31,15,T004,15,504
L10__L31,16,T004,16,488
L10__L31,17,T004,17,471
L10__L31,18,T004,18,453
L10__L31,19,T004,19,434
L10__L31,20,T004,20,414
L10__L31,21,T004,21,393
L10__L31,22,T004,22,371
L10__L31,23,T004,23,348
L10__L31,24,T004,24,24
L13__L17,0,T003,324,948
L13__L17,1,T003,323,947
L13__L17,2,T003,321,945
L13__L17,3,T003,318,942
L13__L17,4,T003,314,938
L13__L17,5,T003,309,933
L13__L17,6,T003,303,927
L13__L17,7,T003,296,920
L13__L17,8,T003,288,912
L13__L17,9,T003,279,903
L13__L17,10,T003,269,893
L13__L17,11,T003,258,882
L13__L17,12,T003,246,870
L13__L17,13,T003,233,857
L13__L17,14,T003,219,843
L13__L17,15,T003,204,828
L13__L17,16,T003,188,812
L13__L17,17,T003,171,795
L13__L17,18,T003,153,777
L13__L17,19,T003,134,758
L13__L17,20,T003,114,738
L13__L17,21,T003,93,717
L13__L17,22,T003,71,695
L13__L17,23,T003,48,672
L13__L17,24,T003,24,648
L13__L17,0,T006,0,948
L13__L17,1,T006,25,947
L13__L17,2,T006,49,945
L13__L17,3,T006,72,942
L13__L17,4,T006,94,938
L13__L17,5,T006,115,933
L13__L17,6,T006,135,927
L13__L17,7,T006,154,920
L13__L17,8,T006,172,912
L13__L17,9,T006,189,903
L13__L17,10,T006,205,893
L13__L17,11,T006,220,882
L13__L17,12,T006,234,870
L13__L17,13,T006,247,857
L13__L17,14,T006,259,843
L13__L17,15,T006,270,828
L13__L17,16,T006,280,812
L13__L17,17,T006,289,795
L13__L17,18,T006,297,777
L13__L17,19,T006,304,758
L13__L17,20,T006,310,738
L13__L17,21,T006,315,717
L13__L17,22,T006,319,695
L13__L17,23,T006,322,672
L13__L17,24,T006,324,648
L13__L19,0,T007,0,948
L13__L19,1,T007,25,1825
L13__L19,2,T007,49,1849
L13__L19,3,T007,72,1872
L13__L19,4,T007,94,1894
L13__L19,5,T007,115,1915
L13__L19,6,T007,135,1935
L13__L19,7,T007,154,1954
L13__L19,8,T007,172,1972
L13__L19,9,T007,189,1989
L13__L19,10,T007,205,2005
L13__L19,11,T007,220,2020
L13__L19,12,T007,234,2034
L13__L19,13,T007,247,2047
L13__L19,14,T007,259,2059
L13__L19,15,T007,270,2070
L13__L19,16,T007,280,2080
L13__L19,17,T007,289,2089
L13__L19,18,T007,297,2097
L13__L19,19,T007,304,2104
L13__L19,20,T007,310,2110
L13__L19,21,T007,315,2115
L13__L19,22,T007,319,2119
L13__L19,23,T007,322,2122
L13__L19,24,T007,324,2124
L13__L28,0,T006,0,948
L13__L28,1,T006,1,1525
L13__L28,2,T006,2,1526
L13__L28,3,T006,3,1527
L13__L28,4,T006,4,1528
L13__L28,5,T006,5,1529
L13__L28,6,T006,6,1530
L13__L28,7,T006,7,1531
L13__L28,8,T006,8,1532
L13__L28,9,T006,9,1533
L13__L28,10,T006,10,1534
L13__L28,11,T006,11,1535
L13__L28,12,T006,12,1536
L13__L28,13,T006,13,1537
L13__L28,14,T006,14,1538
L13__L28,15,T006,15,1539
L13__L28,16,T006,16,1540
L13__L28,17,T006,17,1541
L13__L28,18,T006,18,1542
L13__L28,19,T006,19,1543
L13__L28,20,T006,20,1544
L13__L28,21,T006,21,1545
L13__L28,22,T006,22,1546
L13__L28,23,T006,23,1547
L13__L28,24,T006,24,1548
L13__L28,0,T007,0,948
L13__L28,1,T007,1,1525
L13__L28,2,T007,2,1526
L13__L28,3,T007,3,1527
L13__L28,4,T007,4,1528
L13__L28,5,T007,5,1529
L13__L28,6,T007,6,1530
L13__L28,7,T007,7,1531
L13__L28,8,T007,8,1532
L13__L28,9,T007,9,1533
L13__L28,10,T007,10,1534
L13__L28,11,T007,11,1535
L13__L28,12,T007,12,1536
L13__L28,13,T007,13,1537
L13__L28,14,T007,14,1538
L13__L28,15,T007,15,1539
L13__L28,16,T007,16,1540
L13__L28,17,T007,17,1541
L13__L28,18,T007,18,1542
L13__L28,19,T007,19,1543
L13__L28,20,T007,20,1544
L13__L28,21,T007,21,1545
L13__L28,22,T007,22,1546
L13__L28,23,T007,23,1547
L13__L28,24,T007,24,1548
L13__L31,0,T004,324,948
L13__L31,1,T004,323,1224
L13__L31,2,T004,321,1223
L13__L31,3,T004,318,1221
L13__L31,4,T004,314,1218
L13__L31,5,T004,309,1214
L13__L31,6,T004,303,1209
L13__L31,7,T004,296,1203
L13__L31,8,T004,288,1196
L13__L31,9,T004,279,1188
L13__L31,10,T004,269,1179
L13__L31,11,T004,258,1169
L13__L31,12,T004,246,1158
L13__L31,13,T004,233,1146
L13__L31,14,T004,219,1133
L13__L31,15,T004,204,1119
L13__L31,16,T004,188,1104
L13__L31,17,T004,171,1088
L13__L31,18,T004,153,1071
L13__L31,19,T004,134,1053
L13__L31,20,T004,114,1034
L13__L31,21,T004,93,1014
L13__L31,22,T004,71,993
L13__L31,23,T004,48,971
L13__L31,24,T004,24,24
L15__L18,0,T008,0,2125
L15__L18,1,T008,25,2150
L15__L18,2,T008,49,2174
L15__L18,3,T008,72,2197
L15__L18,4,T008,94,2219
L15__L18,5,T008,115,2240
L15__L18,6,T008,135,2260
L15__L18,7,T008,154,2279
L15__L18,8,T008,172,2297
L15__L18,9,T008,189,2314
L15__L18,10,T008,205,2330
L15__L18,11,T008,220,2345
L15__L18,12,T008,234,2359
L15__L18,13,T008,247,2372
L15__L18,14,T008,259,2384
L15__L18,15,T008,270,2395
L15__L18,16,T008,280,2405
L15__L18,17,T008,289,2414
L15__L18,18,T008,297,2422
L15__L18,19,T008,304,2429
L15__L18,20,T008,310,2435
L15__L18,21,T008,315,2440
L15__L18,22,T008,319,2444
L15__L18,23,T008,322,2447
L15__L18,24,T008,324,1248
L15__L20,0,T008,0,2125
L15__L20,1,T008,1,2126
L15__L20,2,T008,2,2127
L15__L20,3,T008,3,2128
L15__L20,4,T008,4,2129
L15__L20,5,T008,5,2130
L15__L20,6,T008,6,2131
L15__L20,7,T008,7,2132
L15__L20,8,T008,8,2133
L15__L20,9,T008,9,2134
L15__L20,10,T008,10,2135
L15__L20,11,T008,11,2136
L15__L20,12,T008,12,2137
L15__L20,13,T008,13,2138
L15__L20,14,T008,14,2139
L15__L20,15,T008,15,2140
L15__L20,16,T008,16,2141
L15__L20,17,T008,17,2142
L15__L20,18,T008,18,2143
L15__L20,19,T008,19,2144
L15__L20,20,T008,20,2145
L15__L20,21,T008,21,2146
L15__L20,22,T008,22,2147
L15__L20,23,T008,23,2148
L15__L20,24,T008,24,2149
L17__L18,0,T005,324,648
L17__L18,1,T005,323,1524
L17__L18,2,T005,321,1523
L17__L18,3,T005,318,1521
L17__L18,4,T005,314,1518
L17__L18,5,T005,309,1514
L17__L18,6,T005,303,1509
L17__L18,7,T005,296,1503
L17__L18,8,T005,288,1496
L17__L18,9,T005,279,1488
L17__L18,10,T005,269,1479
L17__L18,11,T005,258,1469
L17__L18,12,T005,246,1458
L17__L18,13,T005,233,1446
L17__L18,14,T005,219,1433
L17__L18,15,T005,204,1419
L17__L18,16,T005,188,1404
L17__L18,17,T005,171,1388
L17__L18,18,T005,153,1371
L17__L18,19,T005,134,1353
L17__L18,20,T005,114,1334
L17__L18,21,T005,93,1314
L17__L18,22,T005,71,1293
L17__L18,23,T005,48,1271
L17__L18,24,T005,24,1248
L17__L18,0,T009,0,648
L17__L18,1,T009,25,1524
L17__L18,2,T009,49,1523
L17__L18,3,T009,72,1521
L17__L18,4,T009,94,1518
L17__L18,5,T009,115,1514
L17__L18,6,T009,135,1509
L17__L18,7,T009,154,1503
L17__L18,8,T009,172,1496
L17__L18,9,T009,189,1488
L17__L18,10,T009,205,1479
L17__L18,11,T009,220,1469
L17__L18,12,T009,234,1458
L17__L18,13,T009,247,1446
L17__L18,14,T009,259,1433
L17__L18,15,T009,270,1419
L17__L18,16,T009,280,1404
L17__L18,17,T009,289,1388
L17__L18,18,T009,297,1371
L17__L18,19,T009,304,1353
L17__L18,20,T009,310,1334
L17__L18,21,T009,315,1314
L17__L18,22,T009,319,1293
L17__L18,23,T009,322,1271
L17__L18,24,T009,324,1248
L17__L28,0,T006,324,648
L17__L28,1,T006,323,1824
L17__L28,2,T006,321,1823
L17__L28,3,T006,318,1821
L17__L28,4,T006,314,1818
L17__L28,5,T006,309,1814
L17__L28,6,T006,303,1809
L17__L28,7,T006,296,1803
L17__L28,8,T006,288,1796
L17__L28,9,T006,279,1788
L17__L28,10,T006,269,1779
L17__L28,11,T006,258,1769
L17__L28,12,T006,246,1758
L17__L28,13,T006,233,1746
L17__L28,14,T006,219,1733
L17__L28,15,T006,204,1719
L17__L28,16,T006,188,1704
L17__L28,17,T006,171,1688
L17__L28,18,T006,153,1671
L17__L28,19,T006,134,1653
L17__L28,20,T006,114,1634
L17__L28,21,T006,93,1614
L17__L28,22,T006,71,1593
L17__L28,23,T006,48,1571
L17__L28,24,T006,24,1548
L17__L28,0,T010,0,648
L17__L28,1,T010,25,1824
L17__L28,2,T010,49,1823
L17__L28,3,T010,72,1821
L17__L28,4,T010,94,1818
L17__L28,5,T010,115,1814
L17__L28,6,T010,135,1809
L17__L28,7,T010,154,1803
L17__L28,8,T010,172,1796
L17__L28,9,T010,189,1788
L17__L28,10,T010,205,1779
L17__L28,11,T010,220,1769
L17__L28,12,T010,234,1758
L17__L28,13,T010,247,1746
L17__L28,14,T010,259,1733
L17__L28,15,T010,270,1719
L17__L28,16,T010,280,1704
L17__L28,17,T010,289,1688
L17__L28,18,T010,297,1671
L17__L28,19,T010,304,1653
L17__L28,20,T010,310,1634
L17__L28,21,T010,315,1614
L17__L28,22,T010,319,1593
L17__L28,23,T010,322,1571
L17__L28,24,T010,324,1548
L17__L29,0,T009,0,648
L17__L29,1,T009,1,2449
L17__L29,2,T009,2,2450
L17__L29,3,T009,3,2451
L17__L29,4,T009,4,2452
L17__L29,5,T009,5,2453
L17__L29,6,T009,6,2454
L17__L29,7,T009,7,2455
L17__L29,8,T009,8,2456
L17__L29,9,T009,9,2457
L17__L29,10,T009,10,2458
L17__L29,11,T009,11,2459
L17__L29,12,T009,12,2460
L17__L29,13,T009,13,2461
L17__L29,14,T009,14,2462
L17__L29,15,T009,15,2463
L17__L29,16,T009,16,2464
L17__L29,17,T009,17,2465
L17__L29,18,T009,18,2466
L17__L29,19,T009,19,2467
L17__L29,20,T009,20,2468
L17__L29,21,T009,21,2469
L17__L29,22,T009,22,2470
L17__L29,23,T009,23,2471
L17__L29,24,T009,24,2472
L17__L29,0,T010,0,648
L17__L29,1,T010,1,2449
L17__L29,2,T010,2,2450
L17__L29,3,T010,3,2451
L17__L29,4,T010,4,2452
L17__L29,5,T010,5,2453
L17__L29,6,T010,6,2454
L17__L29,7,T010,7,2455
L17__L29,8,T010,8,2456
L17__L29,9,T010,9,2457
L17__L29,10,T010,10,2458
L17__L29,11,T010,11,2459
L17__L29,12,T010,12,2460
L17__L29,13,T010,13,2461
L17__L29,14,T010,14,2462
L17__L29,15,T010,15,2463
L17__L29,16,T010,16,2464
L17__L29,17,T010,17,2465
L17__L29,18,T010,18,2466
L17__L29,19,T010,19,2467
L17__L29,20,T010,20,2468
L17__L29,21,T010,21,2469
L17__L29,22,T010,22,2470
L17__L29,23,T010,23,2471
L17__L29,24,T010,24,2472
L18__L20,0,T008,324,1248
L18__L20,1,T008,323,2448
L18__L20,2,T008,321,2446
L18__L20,3,T008,318,2443
L18__L20,4,T008,314,2439
L18__L20,5,T008,309,2434
L18__L20,6,T008,303,2428
L18__L20,7,T008,296,2421
L18__L20,8,T008,288,2413
L18__L20,9,T008,279,2404
L18__L20,10,T008,269,2394
L18__L20,11,T008,258,2383
L18__L20,12,T008,246,2371
L18__L20,13,T008,233,2358
L18__L20,14,T008,219,2344
L18__L20,15,T008,204,2329
L18__L20,16,T008,188,2313
L18__L20,17,T008,171,2296
L18__L20,18,T008,153,2278
L18__L20,19,T008,134,2259
L18__L20,20,T008,114,2239
L18__L20,21,T008,93,2218
L18__L20,22,T008,71,2196
L18__L20,23,T008,48,2173
L18__L20,24,T008,24,2149
L18__L20,0,T011,0,1248
L18__L20,1,T011,25,2448
L18__L20,2,T011,49,2446
L18__L20,3,T011,72,2443
L18__L20,4,T011,94,2439
L18__L20,5,T011,115,2434
L18__L20,6,T011,135,2428
L18__L20,7,T011,154,2421
L18__L20,8,T011,172,2413
L18__L20,9,T011,189,2404
L18__L20,10,T011,205,2394
L18__L20,11,T011,220,2383
L18__L20,12,T011,234,2371
L18__L20,13,T011,247,2358
L18__L20,14,T011,259,2344
L18__L20,15,T011,270,2329
L18__L20,16,T011,280,2313
L18__L20,17,T011,289,2296
L18__L20,18,T011,297,2278
L18__L20,19,T011,304,2259
L18__L20,20,T011,310,2239
L18__L20,21,T011,315,2218
L18__L20,22,T011,319,2196
L18__L20,23,T011,322,2173
L18__L20,24,T011,324,2149
L18__L29,0,T009,324,1248
L18__L29,1,T009,323,2748
L18__L29,2,T009,321,2747
L18__L29,3,T009,318,2745
L18__L29,4,T009,314,2742
L18__L29,5,T009,309,2738
L18__L29,6,T009,303,2733
L18__L29,7,T009,296,2727
L18__L29,8,T009,288,2720
L18__L29,9,T009,279,2712
L18__L29,10,T009,269,2703
L18__L29,11,T009,258,2693
L18__L29,12,T009,246,2682
L18__L29,13,T009,233,2670
L18__L29,14,T009,219,2657
L18__L29,15,T009,204,2643
L18__L29,16,T009,188,2628
L18__L29,17,T009,171,2612
L18__L29,18,T009,153,2595
L18__L29,19,T009,134,2577
L18__L29,20,T009,114,2558
L18__L29,21,T009,93,2538
L18__L29,22,T009,71,2517
L18__L29,23,T009,48,2495
L18__L29,24,T009,24,2472
L18__L29,0,T011,0,1248
L18__L29,1,T011,1,2748
L18__L29,2,T011,2,2747
L18__L29,3,T011,3,2745
L18__L29,4,T011,4,2742
L18__L29,5,T011,5,2738
L18__L29,6,T011,6,2733
L18__L29,7,T011,7,2727
L18__L29,8,T011,8,2720
L18__L29,9,T011,9,2712
L18__L29,10,T011,10,2703
L18__L29,11,T011,11,2693
L18__L29,12,T011,12,2682
L18__L29,13,T011,13,2670
L18__L29,14,T011,14,2657
L18__L29,15,T011,15,2643
L18__L29,16,T011,16,2628
L18__L29,17,T011,17,2612
L18__L29,18,T011,18,2595
L18__L29,19,T011,19,2577
L18__L29,20,T011,20,2558
L18__L29,21,T011,21,2538
L18__L29,22,T011,22,2517
L18__L29,23,T011,23,2495
L18__L29,24,T011,24,2472
L19__L21,0,T012,0,2124
L19__L21,1,T012,25,3324
L19__L21,2,T012,49,3348
L19__L21,3,T012,72,3371
L19__L21,4,T012,94,3393
L19__L21,5,T012,115,3414
L19__L21,6,T012,135,3434
L19__L21,7,T012,154,3453
L19__L21,8,T012,172,3471
L19__L21,9,T012,189,3488
L19__L21,10,T012,205,3504
L19__L21,11,T012,220,3519
L19__L21,12,T012,234,3533
L19__L21,13,T012,247,3546
L19__L21,14,T012,259,3558
L19__L21,15,T012,270,3569
L19__L21,16,T012,280,3579
L19__L21,17,T012,289,3588
L19__L21,18,T012,297,3596
L19__L21,19,T012,304,3603
L19__L21,20,T012,310,3609
L19__L21,21,T012,315,3614
L19__L21,22,T012,319,3618
L19__L21,23,T012,322,3621
L19__L21,24,T012,324,3623
L19__L28,0,T007,324,2124
L19__L28,1,T007,323,2123
L19__L28,2,T007,321,2121
L19__L28,3,T007,318,2118
L19__L28,4,T007,314,2114
L19__L28,5,T007,309,2109
L19__L28,6,T007,303,2103
L19__L28,7,T007,296,2096
L19__L28,8,T007,288,2088
L19__L28,9,T007,279,2079
L19__L28,10,T007,269,2069
L19__L28,11,T007,258,2058
L19__L28,12,T007,246,2046
L19__L28,13,T007,233,2033
L19__L28,14,T007,219,2019
L19__L28,15,T007,204,2004
L19__L28,16,T007,188,1988
L19__L28,17,T007,171,1971
L19__L28,18,T007,153,1953
L19__L28,19,T007,134,1934
L19__L28,20,T007,114,1914
L19__L28,21,T007,93,1893
L19__L28,22,T007,71,1871
L19__L28,23,T007,48,1848
L19__L28,24,T007,24,1548
L19__L28,0,T013,0,2124
L19__L28,1,T013,25,2123
L19__L28,2,T013,49,2121
L19__L28,3,T013,72,2118
L19__L28,4,T013,94,2114
L19__L28,5,T013,115,2109
L19__L28,6,T013,135,2103
L19__L28,7,T013,154,2096
L19__L28,8,T013,172,2088
L19__L28,9,T013,189,2079
L19__L28,10,T013,205,2069
L19__L28,11,T013,220,2058
L19__L28,12,T013,234,2046
L19__L28,13,T013,247,2033
L19__L28,14,T013,259,2019
L19__L28,15,T013,270,2004
L19__L28,16,T013,280,1988
L19__L28,17,T013,289,1971
L19__L28,18,T013,297,1953
L19__L28,19,T013,304,1934
L19__L28,20,T013,310,1914
L19__L28,21,T013,315,1893
L19__L28,22,T013,319,1871
L19__L28,23,T013,322,1848
L19__L28,24,T013,324,1548
L19__L29,0,T012,0,2124
L19__L29,1,T012,1,3301
L19__L29,2,T012,2,3302
L19__L29,3,T012,3,3303
L19__L29,4,T012,4,3304
L19__L29,5,T012,5,3305
L19__L29,6,T012,6,3306
L19__L29,7,T012,7,3307
L19__L29,8,T012,8,3308
L19__L29,9,T012,9,3309
L19__L29,10,T012,10,3310
L19__L29,11,T012,11,3311
L19__L29,12,T012,12,3312
L19__L29,13,T012,13,3313
L19__L29,14,T012,14,3314
L19__L29,15,T012,15,3315
L19__L29,16,T012,16,3316
L19__L29,17,T012,17,3317
L19__L29,18,T012,18,3318
L19__L29,19,T012,19,3319
L19__L29,20,T012,20,3320
L19__L29,21,T012,21,3321
L19__L29,22,T012,22,3322
L19__L29,23,T012,23,3323
L19__L29,24,T012,24,2472
L19__L29,0,T013,0,2124
L19__L29,1,T013,1,3301
L19__L29,2,T013,2,3302
L19__L29,3,T013,3,3303
L19__L29,4,T013,4,3304
L19__L29,5,T013,5,3305
L19__L29,6,T013,6,3306
L19__L29,7,T013,7,3307
L19__L29,8,T013,8,3308
L19__L29,9,T013,9,3309
L19__L29,10,T013,10,3310
L19__L29,11,T013,11,3311
L19__L29,12,T013,12,3312
L19__L29,13,T013,13,3313
L19__L29,14,T013,14,3314
L19__L29,15,T013,15,3315
L19__L29,16,T013,16,3316
L19__L29,17,T013,17,3317
L19__L29,18,T013,18,3318
L19__L29,19,T013,19,3319
L19__L29,20,T013,20,3320
L19__L29,21,T013,21,3321
L19__L29,22,T013,22,3322
L19__L29,23,T013,23,3323
L19__L29,24,T013,24,2472
L20__L21,0,T014,0,2149
L20__L21,1,T014,25,3901
L20__L21,2,T014,49,3925
L20__L21,3,T014,72,3948
L20__L21,4,T014,94,3970
L20__L21,5,T014,115,3991
L20__L21,6,T014,135,4011
L20__L21,7,T014,154,4030
L20__L21,8,T014,172,4048
L20__L21,9,T014,189,4065
L20__L21,10,T014,205,4081
L20__L21,11,T014,220,4096
L20__L21,12,T014,234,4110
L20__L21,13,T014,247,4123
L20__L21,14,T014,259,4135
L20__L21,15,T014,270,4146
L20__L21,16,T014,280,4156
L20__L21,17,T014,289,4165
L20__L21,18,T014,297,4173
L20__L21,19,T014,304,4180
L20__L21,20,T014,310,4186
L20__L21,21,T014,315,4191
L20__L21,22,T014,319,4195
L20__L21,23,T014,322,4198
L20__L21,24,T014,324,3623
L20__L21,0,T015,0,2149
L20__L21,1,T015,25,3901
L20__L21,2,T015,49,3925
L20__L21,3,T015,72,3948
L20__L21,4,T015,94,3970
L20__L21,5,T015,115,3991
L20__L21,6,T015,135,4011
L20__L21,7,T015,154,4030
L20__L21,8,T015,172,4048
L20__L21,9,T015,189,4065
L20__L21,10,T015,205,4081
L20__L21,11,T015,220,4096
L20__L21,12,T015,234,4110
L20__L21,13,T015,247,4123
L20__L21,14,T015,259,4135
L20__L21,15,T015,270,4146
L20__L21,16,T015,280,4156
L20__L21,17,T015,289,4165
L20__L21,18,T015,297,4173
L20__L21,19,T015,304,4180
L20__L21,20,T015,310,4186
L20__L21,21,T015,315,4191
L20__L21,22,T015,319,4195
L20__L21,23,T015,322,4198
L20__L21,24,T015,324,3623
L20__L26,0,T014,0,2149
L20__L26,1,T014,1,3877
L20__L26,2,T014,2,3878
L20__L26,3,T014,3,3879
L20__L26,4,T014,4,3880
L20__L26,5,T014,5,3881
L20__L26,6,T014,6,3882
L20__L26,7,T014,7,3883
L20__L26,8,T014,8,3884
L20__L26,9,T014,9,3885
L20__L26,10,T014,10,3886
L20__L26,11,T014,11,3887
L20__L26,12,T014,12,3888
L20__L26,13,T014,13,3889
L20__L26,14,T014,14,3890
L20__L26,15,T014,15,3891
L20__L26,16,T014,16,3892
L20__L26,17,T014,17,3893
L20__L26,18,T014,18,3894
L20__L26,19,T014,19,3895
L20__L26,20,T014,20,3896
L20__L26,21,T014,21,3897
L20__L26,22,T014,22,3898
L20__L26,23,T014,23,3899
L20__L26,24,T014,24,3900
L20__L29,0,T011,324,2149
L20__L29,1,T011,323,3300
L20__L29,2,T011,321,3299
L20__L29,3,T011,318,3297
L20__L29,4,T011,314,3294
L20__L29,5,T011,309,3290
L20__L29,6,T011,303,3285
L20__L29,7,T011,296,3279
L20__L29,8,T011,288,3272
L20__L29,9,T011,279,3264
L20__L29,10,T011,269,3255
L20__L29,11,T011,258,3245
L20__L29,12,T011,246,3234
L20__L29,13,T011,233,3222
L20__L29,14,T011,219,3209
L20__L29,15,T011,204,3195
L20__L29,16,T011,188,3180
L20__L29,17,T011,171,3164
L20__L29,18,T011,153,3147
L20__L29,19,T011,134,3129
L20__L29,20,T011,114,3110
L20__L29,21,T011,93,3090
L20__L29,22,T011,71,3069
L20__L29,23,T011,48,3047
L20__L29,24,T011,24,2472
L20__L29,0,T015,0,2149
L20__L29,1,T015,1,3300
L20__L29,2,T015,2,3299
L20__L29,3,T015,3,3297
L20__L29,4,T015,4,3294
L20__L29,5,T015,5,3290
L20__L29,6,T015,6,3285
L20__L29,7,T015,7,3279
L20__L29,8,T015,8,3272
L20__L29,9,T015,9,3264
L20__L29,10,T015,10,3255
L20__L29,11,T015,11,3245
L20__L29,12,T015,12,3234
L20__L29,13,T015,13,3222
L20__L29,14,T015,14,3209
L20__L29,15,T015,15,3195
L20__L29,16,T015,16,3180
L20__L29,17,T015,17,3164
L20__L29,18,T015,18,3147
L20__L29,19,T015,19,3129
L20__L29,20,T015,20,3110
L20__L29,21,T015,21,3090
L20__L29,22,T015,22,3069
L20__L29,23,T015,23,3047
L20__L29,24,T015,24,2472
L21__L26,0,T014,324,3623
L21__L26,1,T014,323,4199
L21__L26,2,T014,321,4197
L21__L26,3,T014,318,4194
L21__L26,4,T014,314,4190
L21__L26,5,T014,309,4185
L21__L26,6,T014,303,4179
L21__L26,7,T014,296,4172
L21__L26,8,T014,288,4164
L21__L26,9,T014,279,4155
L21__L26,10,T014,269,4145
L21__L26,11,T014,258,4134
L21__L26,12,T014,246,4122
L21__L26,13,T014,233,4109
L21__L26,14,T014,219,4095
L21__L26,15,T014,204,4080
L21__L26,16,T014,188,4064
L21__L26,17,T014,171,4047
L21__L26,18,T014,153,4029
L21__L26,19,T014,134,4010
L21__L26,20,T014,114,3990
L21__L26,21,T014,93,3969
L21__L26,22,T014,71,3947
L21__L26,23,T014,48,3924
L21__L26,24,T014,24,3900
L21__L29,0,T012,324,3623
L21__L29,1,T012,323,3622
L21__L29,2,T012,321,3620
L21__L29,3,T012,318,3617
L21__L29,4,T012,314,3613
L21__L29,5,T012,309,3608
L21__L29,6,T012,303,3602
L21__L29,7,T012,296,3595
L21__L29,8,T012,288,3587
L21__L29,9,T012,279,3578
L21__L29,10,T012,269,3568
L21__L29,11,T012,258,3557
L21__L29,12,T012,246,3545
L21__L29,13,T012,233,3532
L21__L29,14,T012,219,3518
L21__L29,15,T012,204,3503
L21__L29,16,T012,188,3487
L21__L29,17,T012,171,3470
L21__L29,18,T012,153,3452
L21__L29,19,T012,134,3433
L21__L29,20,T012,114,3413
L21__L29,21,T012,93,3392
L21__L29,22,T012,71,3370
L21__L29,23,T012,48,3347
L21__L29,24,T012,24,2472
L21__L29,0,T015,324,3623
L21__L29,1,T015,323,3622
L21__L29,2,T015,321,3620
L21__L29,3,T015,318,3617
L21__L29,4,T015,314,3613
L21__L29,5,T015,309,3608
L21__L29,6,T015,303,3602
L21__L29,7,T015,296,3595
L21__L29,8,T015,288,3587
L21__L29,9,T015,279,3578
L21__L29,10,T015,269,3568
L21__L29,11,T015,258,3557
L21__L29,12,T015,246,3545
L21__L29,13,T015,233,3532
L21__L29,14,T015,219,3518
L21__L29,15,T015,204,3503
L21__L29,16,T015,188,3487
L21__L29,17,T015,171,3470
L21__L29,18,T015,153,3452
L21__L29,19,T015,134,3433
L21__L29,20,T015,114,3413
L21__L29,21,T015,93,3392
L21__L29,22,T015,71,3370
L21__L29,23,T015,48,3347
L21__L29,24,T015,24,2472
L28__L29,0,T010,324,1548
L28__L29,1,T010,323,3024
L28__L29,2,T010,321,3023
L28__L29,3,T010,318,3021
L28__L29,4,T010,314,3018
L28__L29,5,T010,309,3014
L28__L29,6,T010,303,3009
L28__L29,7,T010,296,3003
L28__L29,8,T010,288,2996
L28__L29,9,T010,279,2988
L28__L29,10,T010,269,2979
L28__L29,11,T010,258,2969
L28__L29,12,T010,246,2958
L28__L29,13,T010,233,2946
L28__L29,14,T010,219,2933
L28__L29,15,T010,204,2919
L28__L29,16,T010,188,2904
L28__L29,17,T010,171,2888
L28__L29,18,T010,153,2871
L28__L29,19,T010,134,2853
L28__L29,20,T010,114,2834
L28__L29,21,T010,93,2814
L28__L29,22,T010,71,2793
L28__L29,23,T010,48,2771
L28__L29,24,T010,24,2472
L28__L29,0,T013,324,1548
L28__L29,1,T013,323,3024
L28__L29,2,T013,321,3023
L28__L29,3,T013,318,3021
L28__L29,4,T013,314,3018
L28__L29,5,T013,309,3014
L28__L29,6,T013,303,3009
L28__L29,7,T013,296,3003
L28__L29,8,T013,288,2996
L28__L29,9,T013,279,2988
L28__L29,10,T013,269,2979
L28__L29,11,T013,258,2969
L28__L29,12,T013,246,2958
L28__L29,13,T013,233,2946
L28__L29,14,T013,219,2933
L28__L29,15,T013,204,2919
L28__L29,16,T013,188,2904
L28__L29,17,T013,171,2888
L28__L29,18,T013,153,2871
L28__L29,19,T013,134,2853
L28__L29,20,T013,114,2834
L28__L29,21,T013,93,2814
L28__L29,22,T013,71,2793
L28__L29,23,T013,48,2771
L28__L29,24,T013,24,2472
L2__L31,0,T001,0,0
L2__L31,1,T001,1,1
L2__L31,2,T001,2,2
L2__L31,3,T001,3,3
L2__L31,4,T001,4,4
L2__L31,5,T001,5,5
L2__L31,6,T001,6,6
L2__L31,7,T001,7,7
L2__L31,8,T001,8,8
L2__L31,9,T001,9,9
L2__L31,10,T001,10,10
L2__L31,11,T001,11,11
L2__L31,12,T001,12,12
L2__L31,13,T001,13,13
L2__L31,14,T001,14,14
L2__L31,15,T001,15,15
L2__L31,16,T001,16,16
L2__L31,17,T001,17,17
L2__L31,18,T001,18,18
L2__L31,19,T001,19,19
L2__L31,20,T001,20,20
L2__L31,21,T001,21,21
L2__L31,22,T001,22,22
L2__L31,23,T001,23,23
L2__L31,24,T001,24,24
L2__L31,0,T002,0,0
L2__L31,1,T002,1,1
L2__L31,2,T002,2,2
L2__L31,3,T002,3,3
L2__L31,4,T002,4,4
L2__L31,5,T002,5,5
L2__L31,6,T002,6,6
L2__L31,7,T002,7,7
L2__L31,8,T002,8,8
L2__L31,9,T002,9,9
L2__L31,10,T002,10,10
L2__L31,11,T002,11,11
L2__L31,12,T002,12,12
L2__L31,13,T002,13,13
L2__L31,14,T002,14,14
L2__L31,15,T002,15,15
L2__L31,16,T002,16,16
L2__L31,17,T002,17,17
L2__L31,18,T002,18,18
L2__L31,19,T002,19,19
L2__L31,20,T002,20,20
L2__L31,21,T002,21,21
L2__L31,22,T002,22,22
L2__L31,23,T002,23,23
L2__L31,24,T002,24,24
L2__L7,0,T001,0,0
L2__L7,1,T001,25,25
L2__L7,2,T001,49,49
L2__L7,3,T001,72,72
L2__L7,4,T001,94,94
L2__L7,5,T001,115,115
L2__L7,6,T001,135,135
L2__L7,7,T001,154,154
L2__L7,8,T001,172,172
L2__L7,9,T001,189,189
L2__L7,10,T001,205,205
L2__L7,11,T001,220,220
L2__L7,12,T001,234,234
L2__L7,13,T001,247,247
L2__L7,14,T001,259,259
L2__L7,15,T001,270,270
L2__L7,16,T001,280,280
L2__L7,17,T001,289,289
L2__L7,18,T001,297,297
L2__L7,19,T001,304,304
L2__L7,20,T001,310,310
L2__L7,21,T001,315,315
L2__L7,22,T001,319,319
L2__L7,23,T001,322,322
L2__L7,24,T001,324,324
L31__L7,0,T001,24,24
L31__L7,1,T001,48,48
L31__L7,2,T001,71,71
L31__L7,3,T001,93,93
L31__L7,4,T001,114,114
L31__L7,5,T001,134,134
L31__L7,6,T001,153,153
L31__L7,7,T001,171,171
L31__L7,8,T001,188,188
L31__L7,9,T001,204,204
L31__L7,10,T001,219,219
L31__L7,11,T001,233,233
L31__L7,12,T001,246,246
L31__L7,13,T001,258,258
L31__L7,14,T001,269,269
L31__L7,15,T001,279,279
L31__L7,16,T001,288,288
L31__L7,17,T001,296,296
L31__L7,18,T001,303,303
L31__L7,19,T001,309,309
L31__L7,20,T001,314,314
L31__L7,21,T001,318,318
L31__L7,22,T001,321,321
L31__L7,23,T001,323,323
L31__L7,24,T001,324,324
