point_id,sample_id,side,region_id,region_name,region_point_id,lambda_a,lambda_b,lambda_c,u,v,source_face_index,is_unmapped,x,y,z
T013_L_P00000,T013,L,T001,test,0,1.0,0.0,0.0,0.0,0.0,-1,True,,,
T013_L_P00001,T013,L,T001,test,1,0.875,0.0,0.125,0.0,0.125,1734,False,-18.456549655172573,39.80434081199852,-34.27210235595703
T013_L_P00002,T013,L,T001,test,2,0.75,0.0,0.25,0.0,0.25,726,False,-15.487819256311528,38.01387268496143,-33.59719905188388
T013_L_P00003,T013,L,T001,test,3,0.625,0.0,0.375,0.0,0.375,597,False,-13.673252366939991,35.72467299154381,-31.94486721636051
T013_L_P00004,T013,L,T001,test,4,0.5,0.0,0.5,0.0,0.5,79,False,-12.501660346984863,33.85629915319825,-29.237310094436083
T013_L_P00005,T013,L,T001,test,5,0.375,0.0,0.625,0.0,0.625,7304,False,-11.728437679256418,32.3385230700471,-26.131482603253183
T013_L_P00006,T013,L,T001,test,6,0.25,0.0,0.75,0.0,0.75,4992,False,-10.70166015625,30.389451762207138,-23.493005038240025
T013_L_P00007,T013,L,T001,test,7,0.125,0.0,0.875,0.0,0.875,7601,False,-10.706548387487848,28.27184992365773,-20.518666096994863
T013_L_P00008,T013,L,T001,test,8,0.0,0.0,1.0,0.0,1.0,-1,True,,,
T013_L_P00009,T013,L,T001,test,9,0.875,0.125,0.0,0.125,0.0,1697,False,-19.695597112359636,40.22771453857422,-34.16578063906885
T013_L_P00010,T013,L,T001,test,10,0.75,0.125,0.125,0.125,0.125,1919,False,-16.35035078355012,39.257505364471854,-33.73372111578067
T013_L_P00011,T013,L,T001,test,11,0.625,0.125,0.25,0.125,0.25,1010,False,-13.681557874976692,37.594100508232046,-32.5085594519564
T013_L_P00012,T013,L,T001,test,12,0.5,0.125,0.375,0.125,0.375,252,False,-12.094281693310263,35.228455537520524,-30.498460043243668
T013_L_P00013,T013,L,T001,test,13,0.375,0.125,0.5,0.125,0.5,3378,False,-10.87541809570919,33.211944922079915,-27.894622506511926
T013_L_P00014,T013,L,T001,test,14,0.25,0.125,0.625,0.125,0.625,4932,False,-10.269471199309383,31.201381331433907,-25.018192880368098
T013_L_P00015,T013,L,T001,test,15,0.125,0.125,0.75,0.125,0.75,7427,False,-10.200689421457978,29.13673127598708,-22.338632877078577
T013_L_P00016,T013,L,T001,test,16,0.0,0.125,0.875,0.125,0.875,5091,False,-10.445487726020621,27.18756039379555,-19.39032146098811
T013_L_P00017,T013,L,T001,test,17,0.75,0.25,0.0,0.25,0.0,1769,False,-17.414392227853494,40.22771453857422,-33.496547181096105
T013_L_P00018,T013,L,T001,test,18,0.625,0.25,0.125,0.25,0.125,1627,False,-14.391517127184848,39.05549036813751,-32.62529748949495
T013_L_P00019,T013,L,T001,test,19,0.5,0.25,0.25,0.25,0.25,663,False,-11.985837764896196,37.156598755422976,-31.11996505740742
T013_L_P00020,T013,L,T001,test,20,0.375,0.25,0.375,0.25,0.375,2908,False,-10.450733161907738,34.62575260922368,-28.89989562079186
T013_L_P00021,T013,L,T001,test,21,0.25,0.25,0.5,0.25,0.5,3469,False,-9.646574350199563,32.498715249917154,-26.312114661539667
T013_L_P00022,T013,L,T001,test,22,0.125,0.25,0.625,0.25,0.625,4370,False,-9.384416932257057,30.236546340587108,-23.85292726338402
T013_L_P00023,T013,L,T001,test,23,0.0,0.25,0.75,0.25,0.75,5081,False,-9.501659393310547,27.994204286963726,-21.118271046276156
T013_L_P00024,T013,L,T001,test,24,0.625,0.375,0.0,0.375,0.0,1975,False,-15.300555336130811,40.22771453857422,-32.4182913432893
T013_L_P00025,T013,L,T001,test,25,0.5,0.375,0.125,0.375,0.125,1154,False,-12.385322224630116,38.79464666880854,-31.268409005331602
T013_L_P00026,T013,L,T001,test,26,0.375,0.375,0.25,0.375,0.25,1350,False,-10.368729300955227,36.43893541764836,-29.495701213049607
T013_L_P00027,T013,L,T001,test,27,0.25,0.375,0.375,0.375,0.375,5902,False,-9.095686463970196,34.08064529352423,-27.171917641097387
T013_L_P00028,T013,L,T001,test,28,0.125,0.375,0.5,0.375,0.5,4445,False,-8.564157094643974,31.787744474977956,-24.924933572703875
T013_L_P00029,T013,L,T001,test,29,0.0,0.375,0.625,0.375,0.625,4127,False,-8.81154746790918,29.26640279356148,-22.669685238679353
T013_L_P00030,T013,L,T001,test,30,0.5,0.5,0.0,0.5,0.0,2617,False,-13.3817194254173,40.22771453857422,-31.0294762152375
T013_L_P00031,T013,L,T001,test,31,0.375,0.5,0.125,0.5,0.125,1441,False,-10.806310075793625,38.55092735353581,-29.667473638041738
T013_L_P00032,T013,L,T001,test,32,0.25,0.5,0.25,0.5,0.25,6079,False,-8.916550673160234,35.861749323381254,-27.659346537456408
T013_L_P00033,T013,L,T001,test,33,0.125,0.5,0.375,0.5,0.375,3609,False,-7.961542619282567,33.563481235052706,-25.695247404162156
T013_L_P00034,T013,L,T001,test,34,0.0,0.5,0.5,0.5,0.5,4092,False,-7.985308865028632,30.91975631668749,-23.70788015837028
T013_L_P00035,T013,L,T001,test,35,0.375,0.625,0.0,0.625,0.0,2683,False,-11.651194555517339,40.10653270328028,-29.44440268625438
T013_L_P00036,T013,L,T001,test,36,0.25,0.625,0.125,0.625,0.125,5585,False,-9.302771103469055,38.069103258060636,-27.992729482527647
T013_L_P00037,T013,L,T001,test,37,0.125,0.625,0.25,0.625,0.25,7182,False,-7.677611561879534,35.38304382117079,-26.054570823174696
T013_L_P00038,T013,L,T001,test,38,0.0,0.625,0.375,0.625,0.375,3992,False,-6.86467793966508,32.805710068056015,-23.872102737426758
T013_L_P00039,T013,L,T001,test,39,0.25,0.75,0.0,0.75,0.0,5480,False,-10.11151216283205,40.027713775634766,-27.666962968928654
T013_L_P00040,T013,L,T001,test,40,0.125,0.75,0.125,0.75,0.125,6729,False,-7.7551428576547625,37.64091238869917,-26.339238880429264
T013_L_P00041,T013,L,T001,test,41,0.0,0.75,0.25,0.75,0.25,6977,False,-6.501659870147705,34.84076283307555,-24.42205197802101
T013_L_P00042,T013,L,T001,test,42,0.125,0.875,0.0,0.875,0.0,6294,False,-8.5280361808993,39.82771301269531,-25.973999965038363
T013_L_P00043,T013,L,T001,test,43,0.0,0.875,0.125,0.875,0.125,6404,False,-6.501659870147705,37.01791669997053,-24.806533752522594
T013_L_P00044,T013,L,T001,test,44,0.0,1.0,0.0,1.0,0.0,6324,False,-6.6392621994018555,39.1970100402832,-24.74959945678711
T013_L_P00045,T013,L,T002,test,0,1.0,0.0,0.0,0.0,0.0,669,False,-22.0679931640625,40.22771453857422,-34.27210235595703
T013_L_P00046,T013,L,T002,test,1,0.875,0.0,0.125,0.0,0.125,5092,False,-18.456549655172573,39.80434081199852,-34.27210235595703
T013_L_P00047,T013,L,T002,test,2,0.75,0.0,0.25,0.0,0.25,3596,False,-15.487819256311528,38.01387268496143,-33.597199051883884
T013_L_P00048,T013,L,T002,test,3,0.625,0.0,0.375,0.0,0.375,4494,False,-13.673252366939991,35.72467299154381,-31.944867216360514
T013_L_P00049,T013,L,T002,test,4,0.5,0.0,0.5,0.0,0.5,4389,False,-12.501660346984863,33.85629915319825,-29.237310094436083
T013_L_P00050,T013,L,T002,test,5,0.375,0.0,0.625,0.0,0.625,18787,False,-11.728437679256418,32.3385230700471,-26.131482603253183
T013_L_P00051,T013,L,T002,test,6,0.25,0.0,0.75,0.0,0.75,11481,False,-10.70166015625,30.389451762207138,-23.493005038240025
T013_L_P00052,T013,L,T002,test,7,0.125,0.0,0.875,0.0,0.875,19417,False,-10.706548387487848,28.27184992365773,-20.518666096994863
T013_L_P00053,T013,L,T002,test,8,0.0,0.0,1.0,0.0,1.0,19677,False,-10.679272651672363,26.227712631225586,-17.472103118896484
T013_L_P00054,T013,L,T002,test,9,0.875,0.125,0.0,0.125,0.0,914,False,-21.501659393310547,36.87386634848973,-36.34617869213876
T013_L_P00055,T013,L,T002,test,10,0.75,0.125,0.125,0.125,0.125,1215,False,-17.949611003667677,35.460773220751086,-34.8284029676462
T013_L_P00056,T013,L,T002,test,11,0.625,0.125,0.25,0.125,0.25,3209,False,-16.332111277578715,34.74692752430251,-31.758212674111018
T013_L_P00057,T013,L,T002,test,12,0.5,0.125,0.375,0.125,0.375,7015,False,-14.804168541447824,35.067938815959835,-28.498765288127547
T013_L_P00058,T013,L,T002,test,13,0.375,0.125,0.5,0.125,0.5,11030,False,-12.57161869990947,35.06101249358671,-25.31189173141717
T013_L_P00059,T013,L,T002,test,14,0.25,0.125,0.625,0.125,0.625,28563,False,-10.390331321298415,33.00157358480959,-21.30186539394699
T013_L_P00060,T013,L,T002,test,15,0.125,0.125,0.75,0.125,0.75,26264,False,-11.32360636879534,29.416255828169703,-18.531958289342324
T013_L_P00061,T013,L,T002,test,16,0.0,0.125,0.875,0.125,0.875,20242,False,-12.116761694110773,26.62771224975586,-16.79941647320641
T013_L_P00062,T013,L,T002,test,17,0.75,0.25,0.0,0.25,0.0,10,False,-20.90489753689474,34.30095662907269,-34.5076706371674
T013_L_P00063,T013,L,T002,test,18,0.625,0.25,0.125,0.25,0.125,2319,False,-18.851772786220064,36.17642283731599,-32.01493561497833
T013_L_P00064,T013,L,T002,test,19,0.5,0.25,0.25,0.25,0.25,6900,False,-16.54452135725026,37.298130622694636,-28.653723001670688
T013_L_P00065,T013,L,T002,test,20,0.375,0.25,0.375,0.25,0.375,10674,False,-14.386634130430576,37.99874256317719,-24.676719806654177
T013_L_P00066,T013,L,T002,test,21,0.25,0.25,0.5,0.25,0.5,21335,False,-11.09153801066761,36.018646850861636,-18.27238593030359
T013_L_P00067,T013,L,T002,test,22,0.125,0.25,0.625,0.25,0.625,26333,False,-12.328879986925775,30.133277040897802,-16.61777339595227
T013_L_P00068,T013,L,T002,test,23,0.0,0.25,0.75,0.25,0.75,20257,False,-13.087452022226891,27.118750856290422,-15.69027091356844
T013_L_P00069,T013,L,T002,test,24,0.625,0.375,0.0,0.375,0.0,27619,False,-21.732087200252337,36.43837092586182,-31.22401962636221
T013_L_P00070,T013,L,T002,test,25,0.5,0.375,0.125,0.375,0.125,9179,False,-19.291966245367842,36.28979697227636,-27.94130613468564
T013_L_P00071,T013,L,T002,test,26,0.375,0.375,0.25,0.375,0.25,9877,False,-17.307214151422514,36.11037155424057,-23.990556205751872
T013_L_P00072,T013,L,T002,test,27,0.25,0.375,0.375,0.375,0.375,24584,False,-15.953681540599295,34.715028527716754,-18.209383361827722
T013_L_P00073,T013,L,T002,test,28,0.125,0.375,0.5,0.375,0.5,22743,False,-14.132293230463269,29.89990572800995,-17.47177181637419
T013_L_P00074,T013,L,T002,test,29,0.0,0.375,0.625,0.375,0.625,23966,False,-14.154017380435764,27.504959693590617,-15.196501035600226
T013_L_P00075,T013,L,T002,test,30,0.5,0.5,0.0,0.5,0.0,11543,False,-21.501659393310547,34.6343463704419,-27.69172634471687
T013_L_P00076,T013,L,T002,test,31,0.375,0.5,0.125,0.5,0.125,11928,False,-19.617225236279484,33.7925487657183,-24.432905491228915
T013_L_P00077,T013,L,T002,test,32,0.25,0.5,0.25,0.5,0.25,13995,False,-19.159290005247655,32.64185181574801,-18.839903794283813
T013_L_P00078,T013,L,T002,test,33,0.125,0.5,0.375,0.5,0.375,25265,False,-15.909872568546323,28.79693218401694,-17.836285063470424
T013_L_P00079,T013,L,T002,test,34,0.0,0.5,0.5,0.5,0.5,26708,False,-14.830048023458358,26.190187643382416,-15.920591868448733
T013_L_P00080,T013,L,T002,test,35,0.375,0.625,0.0,0.625,0.0,8718,False,-21.122847196171662,31.509927216303645,-25.11698564150961
T013_L_P00081,T013,L,T002,test,36,0.25,0.625,0.125,0.625,0.125,8592,False,-20.18531313877137,30.144052221401033,-20.761341906107315
T013_L_P00082,T013,L,T002,test,37,0.125,0.625,0.25,0.625,0.25,25568,False,-17.315418771175864,27.51642653996356,-18.504964238538044
T013_L_P00083,T013,L,T002,test,38,0.0,0.625,0.375,0.625,0.375,26695,False,-15.52384345792693,24.99872423741425,-16.760271961427275
T013_L_P00084,T013,L,T002,test,39,0.25,0.75,0.0,0.75,0.0,8192,False,-20.709138611646026,28.443582750976084,-22.477324056616762
T013_L_P00085,T013,L,T002,test,40,0.125,0.75,0.125,0.75,0.125,20869,False,-18.260413548979326,26.42774786036847,-19.848138888235304
T013_L_P00086,T013,L,T002,test,41,0.0,0.75,0.25,0.75,0.25,26831,False,-16.318262365006618,24.09528303109316,-17.907556553109156
T013_L_P00087,T013,L,T002,test,42,0.125,0.875,0.0,0.875,0.0,12471,False,-19.104157049310743,25.068240004627327,-21.27210235595703
T013_L_P00088,T013,L,T002,test,43,0.0,0.875,0.125,0.875,0.125,26629,False,-17.150555486828587,23.057804143306424,-18.77648117998327
T013_L_P00089,T013,L,T002,test,44,0.0,1.0,0.0,1.0,0.0,-1,True,,,
T013_L_P00090,T013,L,T003,test,0,1.0,0.0,0.0,0.0,0.0,777,False,-18.138208389282227,22.027711868286133,-19.472103118896484
T013_L_P00091,T013,L,T003,test,1,0.875,0.0,0.125,0.0,0.125,1275,False,-17.150555486828587,23.057804143306424,-18.77648117998327
T013_L_P00092,T013,L,T003,test,2,0.75,0.0,0.25,0.0,0.25,1540,False,-16.318262365006618,24.095283031093164,-17.907556553109156
T013_L_P00093,T013,L,T003,test,3,0.625,0.0,0.375,0.0,0.375,1327,False,-15.52384345792693,24.998724237414255,-16.760271961427275
T013_L_P00094,T013,L,T003,test,4,0.5,0.0,0.5,0.0,0.5,1431,False,-14.830048023458355,26.190187643382412,-15.920591868448732
T013_L_P00095,T013,L,T003,test,5,0.375,0.0,0.625,0.0,0.625,1128,False,-14.154017380435764,27.50495969359062,-15.196501035600225
T013_L_P00096,T013,L,T003,test,6,0.25,0.0,0.75,0.0,0.75,-1,True,,,
T013_L_P00097,T013,L,T003,test,7,0.125,0.0,0.875,0.0,0.875,-1,True,,,
T013_L_P00098,T013,L,T003,test,8,0.0,0.0,1.0,0.0,1.0,-1,True,,,
T013_L_P00099,T013,L,T003,test,9,0.875,0.125,0.0,0.125,0.0,665,False,-19.429288238923306,20.746416931696498,-19.27210235595703
T013_L_P00100,T013,L,T003,test,10,0.75,0.125,0.125,0.125,0.125,769,False,-18.390431432021945,21.68330492199646,-18.894953750109625
T013_L_P00101,T013,L,T003,test,11,0.625,0.125,0.25,0.125,0.25,1316,False,-17.407332571854162,22.65350783397734,-18.037141411467108
T013_L_P00102,T013,L,T003,test,12,0.5,0.125,0.375,0.125,0.375,1661,False,-16.49273697013205,23.800645008909015,-17.122980017640508
T013_L_P00103,T013,L,T003,test,13,0.375,0.125,0.5,0.125,0.5,1600,False,-15.63792253917735,24.80488779872476,-16.154588302946966
T013_L_P00104,T013,L,T003,test,14,0.25,0.125,0.625,0.125,0.625,1427,False,-14.95189696102396,26.033771373504237,-15.376993022449822
T013_L_P00105,T013,L,T003,test,15,0.125,0.125,0.75,0.125,0.75,1136,False,-14.188189581823767,27.391120070972292,-14.885182082445969
T013_L_P00106,T013,L,T003,test,16,0.0,0.125,0.875,0.125,0.875,-1,True,,,
T013_L_P00107,T013,L,T003,test,17,0.75,0.25,0.0,0.25,0.0,534,False,-20.662023300722172,19.426947675024202,-19.072101593017578
T013_L_P00108,T013,L,T003,test,18,0.625,0.25,0.125,0.25,0.125,642,False,-19.708172367485485,20.520025364045257,-18.67454935067399
T013_L_P00109,T013,L,T003,test,19,0.5,0.25,0.25,0.25,0.25,758,False,-18.611766818256573,21.48391519458481,-18.097856278386697
T013_L_P00110,T013,L,T003,test,20,0.375,0.25,0.375,0.25,0.375,1792,False,-17.679824019736053,22.4392031845516,-17.28363403433954
T013_L_P00111,T013,L,T003,test,21,0.25,0.25,0.5,0.25,0.5,1680,False,-16.696395679789354,23.622012598307588,-16.371979020243142
T013_L_P00112,T013,L,T003,test,22,0.125,0.25,0.625,0.25,0.625,1928,False,-15.957276266615205,24.729402496309767,-15.521733654647221
T013_L_P00113,T013,L,T003,test,23,0.0,0.25,0.75,0.25,0.75,1895,False,-15.208201279617276,25.990438638758405,-14.855229570955853
T013_L_P00114,T013,L,T003,test,24,0.625,0.375,0.0,0.375,0.0,390,False,-21.79403094723335,17.95773991420232,-19.072101593017578
T013_L_P00115,T013,L,T003,test,25,0.5,0.375,0.125,0.375,0.125,558,False,-20.915663540386802,19.157142228474815,-18.547665306041004
T013_L_P00116,T013,L,T003,test,26,0.375,0.375,0.25,0.375,0.25,890,False,-19.949239515612938,20.28056034140436,-18.0033412035952
T013_L_P00117,T013,L,T003,test,27,0.25,0.375,0.375,0.375,0.375,1247,False,-18.970433741143093,21.254503888894494,-17.472725579777624
T013_L_P00118,T013,L,T003,test,28,0.125,0.375,0.5,0.375,0.5,1775,False,-17.97236910039891,22.386686195407396,-16.67756770420427
T013_L_P00119,T013,L,T003,test,29,0.0,0.375,0.625,0.375,0.625,1911,False,-17.071531609712935,23.468662149678373,-15.915183249813271
T013_L_P00120,T013,L,T003,test,30,0.5,0.5,0.0,0.5,0.0,227,False,-22.897243721799082,16.46755271503208,-19.072101593017578
T013_L_P00121,T013,L,T003,test,31,0.375,0.5,0.125,0.5,0.125,405,False,-21.984959530462294,17.69397690813169,-18.492110093998583
T013_L_P00122,T013,L,T003,test,32,0.25,0.5,0.25,0.5,0.25,1042,False,-21.187534442283663,18.906446608290626,-17.93486125813203
T013_L_P00123,T013,L,T003,test,33,0.125,0.5,0.375,0.5,0.375,963,False,-20.20889510321908,20.221444293296265,-17.480341023433198
T013_L_P00124,T013,L,T003,test,34,0.0,0.5,0.5,0.5,0.5,2017,False,-19.30385716121675,21.250932950245573,-16.785779745401364
T013_L_P00125,T013,L,T003,test,35,0.375,0.625,0.0,0.625,0.0,1267,False,-23.86539097171663,14.888228011254862,-19.072101593017578
T013_L_P00126,T013,L,T003,test,36,0.25,0.625,0.125,0.625,0.125,316,False,-23.08812762738881,16.2151971004394,-18.551071802318052
T013_L_P00127,T013,L,T003,test,37,0.125,0.625,0.25,0.625,0.25,439,False,-22.153240802578786,17.47928825601867,-17.91314567860968
T013_L_P00128,T013,L,T003,test,38,0.0,0.625,0.375,0.625,0.375,1098,False,-21.409271622873803,18.714208471361246,-17.27210235595703
T013_L_P00129,T013,L,T003,test,39,0.25,0.75,0.0,0.75,0.0,149,False,-24.802844118902094,13.30213413082583,-19.072101593017578
T013_L_P00130,T013,L,T003,test,40,0.125,0.75,0.125,0.75,0.125,34,False,-24.035055642663966,14.70258136652891,-18.41319098636362
T013_L_P00131,T013,L,T003,test,41,0.0,0.75,0.25,0.75,0.25,341,False,-23.266862672983418,15.990618991282744,-17.872102737426758
T013_L_P00132,T013,L,T003,test,42,0.125,0.875,0.0,0.875,0.0,179,False,-24.95023385304654,11.46730691788223,-19.072101593017578
T013_L_P00133,T013,L,T003,test,43,0.0,0.875,0.125,0.875,0.125,99,False,-24.93921303112015,13.250235094144438,-18.472103118896484
T013_L_P00134,T013,L,T003,test,44,0.0,1.0,0.0,1.0,0.0,-1,True,,,
T013_L_P00135,T013,L,T004,test,0,1.0,0.0,0.0,0.0,0.0,-1,True,,,
T013_L_P00136,T013,L,T004,test,1,0.875,0.0,0.125,0.0,0.125,322,False,-24.939213031120154,13.250235094144436,-18.472103118896484
T013_L_P00137,T013,L,T004,test,2,0.75,0.0,0.25,0.0,0.25,610,False,-23.266862672983418,15.990618991282748,-17.872102737426758
T013_L_P00138,T013,L,T004,test,3,0.625,0.0,0.375,0.0,0.375,1654,False,-21.409271622873803,18.714208471361246,-17.27210235595703
T013_L_P00139,T013,L,T004,test,4,0.5,0.0,0.5,0.0,0.5,6687,False,-19.30385716121675,21.25093295024557,-16.785779745401364
T013_L_P00140,T013,L,T004,test,5,0.375,0.0,0.625,0.0,0.625,6517,False,-17.071531609712935,23.468662149678373,-15.915183249813271
T013_L_P00141,T013,L,T004,test,6,0.25,0.0,0.75,0.0,0.75,6839,False,-15.208201279617278,25.990438638758405,-14.855229570955855
T013_L_P00142,T013,L,T004,test,7,0.125,0.0,0.875,0.0,0.875,1185,False,-13.075899112104324,27.111353860303588,-15.705044827981583
T013_L_P00143,T013,L,T004,test,8,0.0,0.0,1.0,0.0,1.0,553,False,-10.679272651672363,26.227712631225586,-17.472103118896484
T013_L_P00144,T013,L,T004,test,9,0.875,0.125,0.0,0.125,0.0,296,False,-24.98680533319376,13.86598976577089,-17.262538906881538
T013_L_P00145,T013,L,T004,test,10,0.75,0.125,0.125,0.125,0.125,1525,False,-23.131666213970405,16.48319224943963,-16.546231954965393
T013_L_P00146,T013,L,T004,test,11,0.625,0.125,0.25,0.125,0.25,1823,False,-21.507926867134245,19.26600889188925,-15.82155572700388
T013_L_P00147,T013,L,T004,test,12,0.5,0.125,0.375,0.125,0.375,6940,False,-19.43420559011517,21.855704625083987,-15.065268163288897
T013_L_P00148,T013,L,T004,test,13,0.375,0.125,0.5,0.125,0.5,8429,False,-17.567591635200802,23.86564528942389,-14.437588180618187
T013_L_P00149,T013,L,T004,test,14,0.25,0.125,0.625,0.125,0.625,6512,False,-15.373049151293836,26.213444694715843,-13.383052740964414
T013_L_P00150,T013,L,T004,test,15,0.125,0.125,0.75,0.125,0.75,991,False,-13.458536570060192,25.825625846360406,-14.086746902535006
T013_L_P00151,T013,L,T004,test,16,0.0,0.125,0.875,0.125,0.875,1425,False,-10.70166015625,25.300638468615723,-15.146569679783244
T013_L_P00152,T013,L,T004,test,17,0.75,0.25,0.0,0.25,0.0,2908,False,-22.997958478388277,17.155467190752788,-15.227064563412606
T013_L_P00153,T013,L,T004,test,18,0.625,0.25,0.125,0.25,0.125,6913,False,-21.6513931209847,19.852763898121417,-14.100995888127983
T013_L_P00154,T013,L,T004,test,19,0.5,0.25,0.25,0.25,0.25,7853,False,-19.870866097107363,22.26230249396623,-13.552466169186776
T013_L_P00155,T013,L,T004,test,20,0.375,0.25,0.375,0.25,0.375,6672,False,-17.74115200928854,24.445910268061308,-12.86474466871151
T013_L_P00156,T013,L,T004,test,21,0.25,0.25,0.5,0.25,0.5,3254,False,-15.258143522438697,25.890175212620985,-11.883108412919224
T013_L_P00157,T013,L,T004,test,22,0.125,0.25,0.625,0.25,0.625,1358,False,-13.456729790122566,24.668512215200053,-12.696807066270702
T013_L_P00158,T013,L,T004,test,23,0.0,0.25,0.75,0.25,0.75,2850,False,-10.931389878419925,24.28743968627959,-12.954018485806658
T013_L_P00159,T013,L,T004,test,24,0.625,0.375,0.0,0.375,0.0,8010,False,-21.927887930650908,20.53484788390292,-12.630446059706294
T013_L_P00160,T013,L,T004,test,25,0.5,0.375,0.125,0.375,0.125,8118,False,-20.238448181057578,22.881034148121856,-12.084078239218158
T013_L_P00161,T013,L,T004,test,26,0.375,0.375,0.25,0.375,0.25,6151,False,-17.712803368520703,24.836643265961065,-11.185859870767814
T013_L_P00162,T013,L,T004,test,27,0.25,0.375,0.375,0.375,0.375,3587,False,-15.458061898602729,24.628632026360723,-10.8834403743225
T013_L_P00163,T013,L,T004,test,28,0.125,0.375,0.5,0.375,0.5,2482,False,-13.43560616504322,23.633309653180604,-11.218424682436364
T013_L_P00164,T013,L,T004,test,29,0.0,0.375,0.625,0.375,0.625,3723,False,-11.30165958404541,22.87739816926286,-10.984058216810602
T013_L_P00165,T013,L,T004,test,30,0.5,0.5,0.0,0.5,0.0,6889,False,-20.5163964354956,23.751936082593055,-10.050822939079282
T013_L_P00166,T013,L,T004,test,31,0.375,0.5,0.125,0.5,0.125,6052,False,-17.546100521427025,24.726739139242703,-9.421268822341005
T013_L_P00167,T013,L,T004,test,32,0.25,0.5,0.25,0.5,0.25,3806,False,-15.41987638820758,23.406817158963964,-9.687498019360717
T013_L_P00168,T013,L,T004,test,33,0.125,0.5,0.375,0.5,0.375,4524,False,-13.136468099362563,22.932085596492076,-9.269123465267702
T013_L_P00169,T013,L,T004,test,34,0.0,0.5,0.5,0.5,0.5,4649,False,-11.140006235846348,22.504304800934037,-8.588759819410816
T013_L_P00170,T013,L,T004,test,35,0.375,0.625,0.0,0.625,0.0,6187,False,-17.335676112703474,23.493485200050642,-8.272102355957031
T013_L_P00171,T013,L,T004,test,36,0.25,0.625,0.125,0.625,0.125,4135,False,-15.151458664477762,22.484365434627104,-7.902717169950489
T013_L_P00172,T013,L,T004,test,37,0.125,0.625,0.25,0.625,0.25,4960,False,-12.800910880578025,22.833013826198822,-7.11269628446957
T013_L_P00173,T013,L,T004,test,38,0.0,0.625,0.375,0.625,0.375,27,False,-10.95238921604007,21.62771224975586,-6.383637882970251
T013_L_P00174,T013,L,T004,test,39,0.25,0.75,0.0,0.75,0.0,5328,False,-14.487141011324455,21.827713012695312,-5.916298659813858
T013_L_P00175,T013,L,T004,test,40,0.125,0.75,0.125,0.75,0.125,5388,False,-12.223243851702176,22.852515555576336,-5.017277174917138
T013_L_P00176,T013,L,T004,test,41,0.0,0.75,0.25,0.75,0.25,8533,False,-9.574323400389272,22.20607531443193,-4.642139392676274
T013_L_P00177,T013,L,T004,test,42,0.125,0.875,0.0,0.875,0.0,6307,False,-10.889669638594176,21.827713012695312,-3.3232875036702607
T013_L_P00178,T013,L,T004,test,43,0.0,0.875,0.125,0.875,0.125,6423,False,-8.501659393310547,22.318269137649164,-2.580265049261569
T013_L_P00179,T013,L,T004,test,44,0.0,1.0,0.0,1.0,0.0,0,False,-7.501659870147705,20.62771224975586,-1.5944652557373047
T013_L_P00180,T013,L,T005,test,0,1.0,0.0,0.0,0.0,0.0,979,False,-8.8286771774292,19.061452865600586,-13.932513236999512
T013_L_P00181,T013,L,T005,test,1,0.875,0.0,0.125,0.0,0.125,1012,False,-8.901659965515137,20.330920421405402,-13.842916240499802
T013_L_P00182,T013,L,T005,test,2,0.75,0.0,0.25,0.0,0.25,1094,False,-8.901659965515138,21.625143494806824,-13.743112431298751
T013_L_P00183,T013,L,T005,test,3,0.625,0.0,0.375,0.0,0.375,964,False,-8.901659965515137,22.916647562514036,-13.634434201167561
T013_L_P00184,T013,L,T005,test,4,0.5,0.0,0.5,0.0,0.5,551,False,-8.901659965515137,24.18924325152434,-13.759097717173017
T013_L_P00185,T013,L,T005,test,5,0.375,0.0,0.625,0.0,0.625,481,False,-9.156491960651397,25.173468962285405,-14.3507068624541
T013_L_P00186,T013,L,T005,test,6,0.25,0.0,0.75,0.0,0.75,265,False,-9.70166015625,25.504547351384367,-15.392214882834718
T013_L_P00187,T013,L,T005,test,7,0.125,0.0,0.875,0.0,0.875,214,False,-10.40118339705304,25.758187595415635,-16.37162616896466
T013_L_P00188,T013,L,T005,test,8,0.0,0.0,1.0,0.0,1.0,-1,True,,,
T013_L_P00189,T013,L,T005,test,9,0.875,0.125,0.0,0.125,0.0,1190,False,-9.790703013524084,19.02583385645935,-12.331885653201892
T013_L_P00190,T013,L,T005,test,10,0.75,0.125,0.125,0.125,0.125,1492,False,-9.984359691530102,20.046303836739725,-12.82185132250126
T013_L_P00191,T013,L,T005,test,11,0.625,0.125,0.25,0.125,0.25,1440,False,-9.997578497523783,20.989332914723096,-13.031380789848928
T013_L_P00192,T013,L,T005,test,12,0.5,0.125,0.375,0.125,0.375,922,False,-9.99719260849644,22.147293662136637,-13.057236617216024
T013_L_P00193,T013,L,T005,test,13,0.375,0.125,0.5,0.125,0.5,637,False,-9.933342518084885,23.227195650326596,-13.004278313438881
T013_L_P00194,T013,L,T005,test,14,0.25,0.125,0.625,0.125,0.625,446,False,-10.00131202698493,24.22991033146159,-13.304298620886664
T013_L_P00195,T013,L,T005,test,15,0.125,0.125,0.75,0.125,0.75,369,False,-10.29671775639401,24.970184131602203,-14.165968697465042
T013_L_P00196,T013,L,T005,test,16,0.0,0.125,0.875,0.125,0.875,281,False,-10.70166015625,25.300638468615723,-15.146569679783244
T013_L_P00197,T013,L,T005,test,17,0.75,0.25,0.0,0.25,0.0,1738,False,-9.70166015625,19.384653768347604,-10.37207235120461
T013_L_P00198,T013,L,T005,test,18,0.625,0.25,0.125,0.25,0.125,1768,False,-10.044093343340498,20.11136407312442,-10.864616582795376
T013_L_P00199,T013,L,T005,test,19,0.5,0.25,0.25,0.25,0.25,1690,False,-10.459993867415083,20.883758978201932,-11.25235805283332
T013_L_P00200,T013,L,T005,test,20,0.375,0.25,0.375,0.25,0.375,1416,False,-10.744551302981808,21.616926032627685,-11.769272537546755
T013_L_P00201,T013,L,T005,test,21,0.25,0.25,0.5,0.25,0.5,863,False,-10.801812626815847,22.523500382353284,-12.15224307753083
T013_L_P00202,T013,L,T005,test,22,0.125,0.25,0.625,0.25,0.625,806,False,-10.743064008929478,23.507538929696516,-12.388751091215942
T013_L_P00203,T013,L,T005,test,23,0.0,0.25,0.75,0.25,0.75,399,False,-10.931389878419925,24.28743968627959,-12.95401848580666
T013_L_P00204,T013,L,T005,test,24,0.625,0.375,0.0,0.375,0.0,204,False,-9.985283087329979,19.764729963210968,-8.548129842821323
T013_L_P00205,T013,L,T005,test,25,0.5,0.375,0.125,0.375,0.125,2008,False,-10.118033831771982,20.491034075932987,-9.0911755999906
T013_L_P00206,T013,L,T005,test,26,0.375,0.375,0.25,0.375,0.25,1989,False,-10.529835375824835,21.03148035569181,-9.548039226910554
T013_L_P00207,T013,L,T005,test,27,0.25,0.375,0.375,0.375,0.375,2176,False,-10.73685874327302,21.582105743976975,-9.96426259710466
T013_L_P00208,T013,L,T005,test,28,0.125,0.375,0.5,0.375,0.5,2245,False,-11.107070975897134,22.173657146414286,-10.462825134600081
T013_L_P00209,T013,L,T005,test,29,0.0,0.375,0.625,0.375,0.625,1379,False,-11.30165958404541,22.87739816926286,-10.984058216810602
T013_L_P00210,T013,L,T005,test,30,0.5,0.5,0.0,0.5,0.0,2444,False,-10.306627813402962,20.109571091202735,-6.803440939534052
T013_L_P00211,T013,L,T005,test,31,0.375,0.5,0.125,0.5,0.125,2459,False,-10.701967068800435,20.544549296635424,-7.3200879958694065
T013_L_P00212,T013,L,T005,test,32,0.25,0.5,0.25,0.5,0.25,79,False,-10.737735570559215,21.177426812168264,-7.729096048939855
T013_L_P00213,T013,L,T005,test,33,0.125,0.5,0.375,0.5,0.375,2334,False,-10.814754914752413,21.82820171259514,-8.13941689038731
T013_L_P00214,T013,L,T005,test,34,0.0,0.5,0.5,0.5,0.5,2285,False,-11.140006235846347,22.504304800934037,-8.588759819410814
T013_L_P00215,T013,L,T005,test,35,0.375,0.625,0.0,0.625,0.0,2484,False,-9.436109936410663,21.108044224247415,-5.380042004719268
T013_L_P00216,T013,L,T005,test,36,0.25,0.625,0.125,0.625,0.125,2450,False,-10.046021187046405,21.19665210284894,-5.787662432583566
T013_L_P00217,T013,L,T005,test,37,0.125,0.625,0.25,0.625,0.25,23,False,-10.423306150032806,21.307489846701742,-6.062029086811245
T013_L_P00218,T013,L,T005,test,38,0.0,0.625,0.375,0.625,0.375,43,False,-10.95238921604007,21.62771224975586,-6.383637882970251
T013_L_P00219,T013,L,T005,test,39,0.25,0.75,0.0,0.75,0.0,2461,False,-8.770206197574922,22.35177636415233,-4.027358943364359
T013_L_P00220,T013,L,T005,test,40,0.125,0.75,0.125,0.75,0.125,2522,False,-9.115785349959124,22.227185439617493,-4.349534685004992
T013_L_P00221,T013,L,T005,test,41,0.0,0.75,0.25,0.75,0.25,2470,False,-9.574323400389273,22.206075314431935,-4.642139392676275
T013_L_P00222,T013,L,T005,test,42,0.125,0.875,0.0,0.875,0.0,2398,False,-8.064267991234475,22.288997547003788,-2.2995597757442137
T013_L_P00223,T013,L,T005,test,43,0.0,0.875,0.125,0.875,0.125,2395,False,-8.501659393310547,22.318269137649168,-2.580265049261569
T013_L_P00224,T013,L,T005,test,44,0.0,1.0,0.0,1.0,0.0,-1,True,,,
T013_L_P00225,T013,L,T006,test,0,1.0,0.0,0.0,0.0,0.0,-1,True,,,
T013_L_P00226,T013,L,T006,test,1,0.875,0.0,0.125,0.0,0.125,12135,False,-31.47428833039094,17.63428567344491,-7.8721022605896005
T013_L_P00227,T013,L,T006,test,2,0.75,0.0,0.25,0.0,0.25,11667,False,-31.14614939479567,12.249678146481125,-11.128280692622198
T013_L_P00228,T013,L,T006,test,3,0.625,0.0,0.375,0.0,0.375,12642,False,-32.58332520769785,6.576305777254908,-12.066894251916155
T013_L_P00229,T013,L,T006,test,4,0.5,0.0,0.5,0.0,0.5,801,False,-35.002219204060886,1.1301789499983326,-13.169635573738429
T013_L_P00230,T013,L,T006,test,5,0.375,0.0,0.625,0.0,0.625,9850,False,-30.201115058821713,-0.5722879767417908,-15.277970027264175
T013_L_P00231,T013,L,T006,test,6,0.25,0.0,0.75,0.0,0.75,11137,False,-24.213874280109778,0.7753627607058783,-13.672101974487305
T013_L_P00232,T013,L,T006,test,7,0.125,0.0,0.875,0.0,0.875,11356,False,-20.597929569648198,4.451065168895091,-10.857824642591101
T013_L_P00233,T013,L,T006,test,8,0.0,0.0,1.0,0.0,1.0,-1,True,,,
T013_L_P00234,T013,L,T006,test,9,0.875,0.125,0.0,0.125,0.0,12075,False,-31.384563357800527,19.0955977063468,-8.20421651789636
T013_L_P00235,T013,L,T006,test,10,0.75,0.125,0.125,0.125,0.125,11612,False,-31.028507960427216,13.457159938246887,-10.93193153171514
T013_L_P00236,T013,L,T006,test,11,0.625,0.125,0.25,0.125,0.25,12729,False,-32.47609062034107,8.028696419978242,-12.595028964090755
T013_L_P00237,T013,L,T006,test,12,0.5,0.125,0.375,0.125,0.375,629,False,-35.43517112274904,2.559655749989156,-13.272545049826885
T013_L_P00238,T013,L,T006,test,13,0.375,0.125,0.5,0.125,0.5,9621,False,-31.493781920110212,0.2223623483634311,-16.112009415795114
T013_L_P00239,T013,L,T006,test,14,0.25,0.125,0.625,0.125,0.625,9151,False,-25.555077097752307,1.1890198798710332,-14.888317574103336
T013_L_P00240,T013,L,T006,test,15,0.125,0.125,0.75,0.125,0.75,11171,False,-21.42931493120205,3.841636532762667,-12.3191830414511
T013_L_P00241,T013,L,T006,test,16,0.0,0.125,0.875,0.125,0.875,-1,True,,,
T013_L_P00242,T013,L,T006,test,17,0.75,0.25,0.0,0.25,0.0,11624,False,-30.90090406789019,14.596043640373354,-10.732527715682961
T013_L_P00243,T013,L,T006,test,18,0.625,0.25,0.125,0.25,0.125,12631,False,-32.33790754217505,9.34635514294939,-13.027915186903416
T013_L_P00244,T013,L,T006,test,19,0.5,0.25,0.25,0.25,0.25,441,False,-35.684732940220144,4.11287750927183,-13.441383024910687
T013_L_P00245,T013,L,T006,test,20,0.375,0.25,0.375,0.25,0.375,7184,False,-32.88954284984284,1.0706492115607782,-16.81730065683116
T013_L_P00246,T013,L,T006,test,21,0.25,0.25,0.5,0.25,0.5,10327,False,-26.92701685286859,1.6152523787975346,-15.730514251674961
T013_L_P00247,T013,L,T006,test,22,0.125,0.25,0.625,0.25,0.625,1792,False,-22.228158003535757,3.8091800480166507,-13.902161762661423
T013_L_P00248,T013,L,T006,test,23,0.0,0.25,0.75,0.25,0.75,11900,False,-19.102317848205292,5.627373876142606,-9.988132162020696
T013_L_P00249,T013,L,T006,test,24,0.625,0.375,0.0,0.375,0.0,12563,False,-32.12048382708476,10.574629481083683,-13.368677754449735
T013_L_P00250,T013,L,T006,test,25,0.5,0.375,0.125,0.375,0.125,258,False,-35.85638864154461,5.666122254895582,-13.699865920219988
T013_L_P00251,T013,L,T006,test,26,0.375,0.375,0.25,0.375,0.25,7279,False,-34.16969631835073,1.9468659181907981,-17.262674819008705
T013_L_P00252,T013,L,T006,test,27,0.25,0.375,0.375,0.375,0.375,6587,False,-28.369048998919943,2.4061685854321033,-16.685182166582884
T013_L_P00253,T013,L,T006,test,28,0.125,0.375,0.5,0.375,0.5,1858,False,-23.259592789102424,3.9058950390044065,-15.306938851249319
T013_L_P00254,T013,L,T006,test,29,0.0,0.375,0.625,0.375,0.625,11211,False,-21.11714671383106,5.227712154388428,-10.559855629004966
T013_L_P00255,T013,L,T006,test,30,0.5,0.5,0.0,0.5,0.0,987,False,-36.01828743495683,7.115252875140863,-13.872101783752441
T013_L_P00256,T013,L,T006,test,31,0.375,0.5,0.125,0.5,0.125,8630,False,-35.49732919262688,3.230836114700432,-17.43914736479072
T013_L_P00257,T013,L,T006,test,32,0.25,0.5,0.25,0.5,0.25,4630,False,-29.566340002465047,3.412659618544608,-17.288023640578622
T013_L_P00258,T013,L,T006,test,33,0.125,0.5,0.375,0.5,0.375,2631,False,-24.14231375684816,4.209364862137018,-16.740496890015717
T013_L_P00259,T013,L,T006,test,34,0.0,0.5,0.5,0.5,0.5,10796,False,-22.26202146565249,5.521791877675235,-12.221296791921752
T013_L_P00260,T013,L,T006,test,35,0.375,0.625,0.0,0.625,0.0,8269,False,-36.47120333689044,4.4277119636535645,-17.603467598266285
T013_L_P00261,T013,L,T006,test,36,0.25,0.625,0.125,0.625,0.125,4707,False,-30.754160793251657,4.494907224560715,-17.722525909004446
T013_L_P00262,T013,L,T006,test,37,0.125,0.625,0.25,0.625,0.25,6168,False,-25.030070458391208,4.73961528961703,-18.172210604835627
T013_L_P00263,T013,L,T006,test,38,0.0,0.625,0.375,0.625,0.375,1282,False,-23.314834689612617,6.5199699418492365,-13.696934501264865
T013_L_P00264,T013,L,T006,test,39,0.25,0.75,0.0,0.75,0.0,3478,False,-32.20747407163986,5.827712059020996,-17.952316670310665
T013_L_P00265,T013,L,T006,test,40,0.125,0.75,0.125,0.75,0.125,5396,False,-26.14182168677468,5.324256462717442,-19.328783435590374
T013_L_P00266,T013,L,T006,test,41,0.0,0.75,0.25,0.75,0.25,1130,False,-24.17658231719707,7.450966190988703,-15.472102165222168
T013_L_P00267,T013,L,T006,test,42,0.125,0.875,0.0,0.875,0.0,5017,False,-27.416091483141884,6.2019318414449724,-20.27210235595703
T013_L_P00268,T013,L,T006,test,43,0.0,0.875,0.125,0.875,0.125,1057,False,-24.819041539796586,8.837901573079426,-16.682291537133167
T013_L_P00269,T013,L,T006,test,44,0.0,1.0,0.0,1.0,0.0,3217,False,-24.895130157470703,9.827712059020996,-18.472103118896484
T013_L_P00270,T013,L,T007,test,0,1.0,0.0,0.0,0.0,0.0,6068,False,-24.895130157470703,9.827712059020996,-18.472103118896484
T013_L_P00271,T013,L,T007,test,1,0.875,0.0,0.125,0.0,0.125,5686,False,-24.986805333193765,13.865989765770884,-17.262538906881538
T013_L_P00272,T013,L,T007,test,2,0.75,0.0,0.25,0.0,0.25,6395,False,-22.997958478388277,17.155467190752784,-15.227064563412608
T013_L_P00273,T013,L,T007,test,3,0.625,0.0,0.375,0.0,0.375,40452,False,-21.92788793065091,20.534847883902916,-12.630446059706296
T013_L_P00274,T013,L,T007,test,4,0.5,0.0,0.5,0.0,0.5,39477,False,-20.516396435495608,23.75193608259305,-10.050822939079286
T013_L_P00275,T013,L,T007,test,5,0.375,0.0,0.625,0.0,0.625,20315,False,-17.335676112703478,23.49348520005065,-8.272102355957031
T013_L_P00276,T013,L,T007,test,6,0.25,0.0,0.75,0.0,0.75,14955,False,-14.487141011324457,21.827713012695312,-5.91629865981386
T013_L_P00277,T013,L,T007,test,7,0.125,0.0,0.875,0.0,0.875,24107,False,-10.889669638594185,21.827713012695312,-3.3232875036702643
T013_L_P00278,T013,L,T007,test,8,0.0,0.0,1.0,0.0,1.0,3353,False,-7.501659870147705,20.62771224975586,-1.5944652557373047
T013_L_P00279,T013,L,T007,test,9,0.875,0.125,0.0,0.125,0.0,4849,False,-24.819041539796594,8.837901573079428,-16.68229153713317
T013_L_P00280,T013,L,T007,test,10,0.75,0.125,0.125,0.125,0.125,4309,False,-26.020965622393362,11.758669502192294,-14.902342131117901
T013_L_P00281,T013,L,T007,test,11,0.625,0.125,0.25,0.125,0.25,38486,False,-26.177871871347936,15.089793389196586,-11.665975898142324
T013_L_P00282,T013,L,T007,test,12,0.5,0.125,0.375,0.125,0.375,38578,False,-26.474056962825774,19.235506246135987,-8.032356496538455
T013_L_P00283,T013,L,T007,test,13,0.375,0.125,0.5,0.125,0.5,22047,False,-21.310863891728278,19.7151723511504,-6.119779334889458
T013_L_P00284,T013,L,T007,test,14,0.25,0.125,0.625,0.125,0.625,17599,False,-17.192609694554097,19.437917034259122,-3.175092076621091
T013_L_P00285,T013,L,T007,test,15,0.125,0.125,0.75,0.125,0.75,26393,False,-12.806795414968258,18.691878575516284,-1.5267208337575373
T013_L_P00286,T013,L,T007,test,16,0.0,0.125,0.875,0.125,0.875,28014,False,-8.70166015625,18.541309053548442,0.06110218940372392
T013_L_P00287,T013,L,T007,test,17,0.75,0.25,0.0,0.25,0.0,5048,False,-24.17658231719707,7.4509661909887015,-15.472102165222168
T013_L_P00288,T013,L,T007,test,18,0.625,0.25,0.125,0.25,0.125,10645,False,-25.630704529136327,9.684602610720303,-12.281394192079448
T013_L_P00289,T013,L,T007,test,19,0.5,0.25,0.25,0.25,0.25,12201,False,-27.332799910110463,11.780625286803405,-8.269617838805985
T013_L_P00290,T013,L,T007,test,20,0.375,0.25,0.375,0.25,0.375,19261,False,-24.454156986676626,14.574522741244056,-4.623099596211306
T013_L_P00291,T013,L,T007,test,21,0.25,0.25,0.5,0.25,0.5,26128,False,-19.688708493793083,15.91850726574112,-0.7779263092619413
T013_L_P00292,T013,L,T007,test,22,0.125,0.25,0.625,0.25,0.625,28462,False,-14.501679218017744,16.138242753142446,0.6424954111934367
T013_L_P00293,T013,L,T007,test,23,0.0,0.25,0.75,0.25,0.75,27909,False,-9.101659774780273,15.436968939907041,1.3735259514471225
T013_L_P00294,T013,L,T007,test,24,0.625,0.375,0.0,0.375,0.0,5307,False,-23.314834689612617,6.5199699418492365,-13.696934501264865
T013_L_P00295,T013,L,T007,test,25,0.5,0.375,0.125,0.375,0.125,7407,False,-24.973023925421355,7.787470249299456,-10.322783593177792
T013_L_P00296,T013,L,T007,test,26,0.375,0.375,0.25,0.375,0.25,22730,False,-25.807932226688525,8.770261872345138,-4.912132006598305
T013_L_P00297,T013,L,T007,test,27,0.25,0.375,0.375,0.375,0.375,30539,False,-21.916151854853712,11.234991146955988,-0.46715770083598884
T013_L_P00298,T013,L,T007,test,28,0.125,0.375,0.5,0.375,0.5,33588,False,-15.817737121326738,12.51857500832331,2.308960651516521
T013_L_P00299,T013,L,T007,test,29,0.0,0.375,0.625,0.375,0.625,35281,False,-9.699101445518945,12.237564734457427,2.1961819617358276
T013_L_P00300,T013,L,T007,test,30,0.5,0.5,0.0,0.5,0.0,7016,False,-22.262021465652488,5.521791877675234,-12.221296791921752
T013_L_P00301,T013,L,T007,test,31,0.375,0.5,0.125,0.5,0.125,35902,False,-23.234430570506404,6.441781284813524,-8.252239762376139
T013_L_P00302,T013,L,T007,test,32,0.25,0.5,0.25,0.5,0.25,2027,False,-22.580161997672256,5.875644706361939,-2.4300405062710584
T013_L_P00303,T013,L,T007,test,33,0.125,0.5,0.375,0.5,0.375,1357,False,-17.23068067161156,7.549149501242382,2.2750549313526203
T013_L_P00304,T013,L,T007,test,34,0.0,0.5,0.5,0.5,0.5,34086,False,-10.30165958404541,8.932569602707318,2.3105631965045297
T013_L_P00305,T013,L,T007,test,35,0.375,0.625,0.0,0.625,0.0,9599,False,-21.11714671383106,5.227712154388429,-10.559855629004966
T013_L_P00306,T013,L,T007,test,36,0.25,0.625,0.125,0.625,0.125,36446,False,-20.86428660599203,6.747001646959484,-6.703787897321867
T013_L_P00307,T013,L,T007,test,37,0.125,0.625,0.25,0.625,0.25,35932,False,-17.564005533661376,6.054887220604387,-1.807317250954957
T013_L_P00308,T013,L,T007,test,38,0.0,0.625,0.375,0.625,0.375,15377,False,-11.371247789338291,6.468375690023498,0.6111774394428444
T013_L_P00309,T013,L,T007,test,39,0.25,0.75,0.0,0.75,0.0,15322,False,-19.102317848205292,5.627373876142607,-9.988132162020696
T013_L_P00310,T013,L,T007,test,40,0.125,0.75,0.125,0.75,0.125,37206,False,-17.57232386525146,7.7573667838804905,-5.684105232839395
T013_L_P00311,T013,L,T007,test,41,0.0,0.75,0.25,0.75,0.25,225,False,-13.073171139395235,6.084672809658916,-2.098580232091173
T013_L_P00312,T013,L,T007,test,42,0.125,0.875,0.0,0.875,0.0,10177,False,-17.29946664518088,6.366616280809486,-9.271186452165422
T013_L_P00313,T013,L,T007,test,43,0.0,0.875,0.125,0.875,0.125,334,False,-14.00972250951196,6.794027198741482,-5.2173315640025395
T013_L_P00314,T013,L,T007,test,44,0.0,1.0,0.0,1.0,0.0,3280,False,-15.501660346984863,6.827712059020996,-8.214210510253906
T013_L_P00315,T013,L,T008,test,0,1.0,0.0,0.0,0.0,0.0,-1,True,,,
T013_L_P00316,T013,L,T008,test,1,0.875,0.0,0.125,0.0,0.125,-1,True,,,
T013_L_P00317,T013,L,T008,test,2,0.75,0.0,0.25,0.0,0.25,-1,True,,,
T013_L_P00318,T013,L,T008,test,3,0.625,0.0,0.375,0.0,0.375,910,False,-12.28503273583264,5.827712059020996,-2.8649622558408443
T013_L_P00319,T013,L,T008,test,4,0.5,0.0,0.5,0.0,0.5,387,False,-10.969391082438197,5.811818992725188,-1.1589258664668636
T013_L_P00320,T013,L,T008,test,5,0.375,0.0,0.625,0.0,0.625,490,False,-9.643978645622006,6.524986219409379,0.3533396304304581
T013_L_P00321,T013,L,T008,test,6,0.25,0.0,0.75,0.0,0.75,658,False,-8.084769296603202,7.701034953813951,1.127898097038269
T013_L_P00322,T013,L,T008,test,7,0.125,0.0,0.875,0.0,0.875,878,False,-6.8083407060397185,9.192508555881956,1.727898120880127
T013_L_P00323,T013,L,T008,test,8,0.0,0.0,1.0,0.0,1.0,1945,False,-5.701659679412842,11.027711868286133,1.6981251239776611
T013_L_P00324,T013,L,T008,test,9,0.875,0.125,0.0,0.125,0.0,-1,True,,,
T013_L_P00325,T013,L,T008,test,10,0.75,0.125,0.125,0.125,0.125,65,False,-13.11748474104761,6.149696392170693,-3.4714465120154303
T013_L_P00326,T013,L,T008,test,11,0.625,0.125,0.25,0.125,0.25,356,False,-12.052929255398478,5.852756812621971,-1.711542970123782
T013_L_P00327,T013,L,T008,test,12,0.5,0.125,0.375,0.125,0.375,441,False,-10.604879233318487,6.247025351997949,0.025067941208684098
T013_L_P00328,T013,L,T008,test,13,0.375,0.125,0.5,0.125,0.5,590,False,-9.367356982355432,7.273821461631696,1.1325446292574248
T013_L_P00329,T013,L,T008,test,14,0.25,0.125,0.625,0.125,0.625,733,False,-8.077710270788568,8.734038693323924,1.791402107762123
T013_L_P00330,T013,L,T008,test,15,0.125,0.125,0.75,0.125,0.75,1980,False,-6.756579284950354,10.657297059486561,2.013570569469833
T013_L_P00331,T013,L,T008,test,16,0.0,0.125,0.875,0.125,0.875,2570,False,-5.701659679412842,12.541051798879383,1.7822637029416657
T013_L_P00332,T013,L,T008,test,17,0.75,0.25,0.0,0.25,0.0,28,False,-13.073171139395237,6.084672809658916,-2.098580232091173
T013_L_P00333,T013,L,T008,test,18,0.625,0.25,0.125,0.25,0.125,107,False,-11.346446098009277,5.987793838498472,-0.6136609551660478
T013_L_P00334,T013,L,T008,test,19,0.5,0.25,0.25,0.25,0.25,1586,False,-10.329676235678983,6.893900339922849,1.047887768761302
T013_L_P00335,T013,L,T008,test,20,0.375,0.25,0.375,0.25,0.375,643,False,-9.242896300586128,8.272566249761969,1.795687761539615
T013_L_P00336,T013,L,T008,test,21,0.25,0.25,0.5,0.25,0.5,1815,False,-8.062915915591864,10.131717476036684,2.1897579982814124
T013_L_P00337,T013,L,T008,test,22,0.125,0.25,0.625,0.25,0.625,2528,False,-6.9276109798302485,12.005043454269043,2.120067464976234
T013_L_P00338,T013,L,T008,test,23,0.0,0.25,0.75,0.25,0.75,314,False,-6.108558599300789,13.930691459985528,1.727898120880127
T013_L_P00339,T013,L,T008,test,24,0.625,0.375,0.0,0.375,0.0,460,False,-11.371247789338291,6.468375690023498,0.6111774394428445
T013_L_P00340,T013,L,T008,test,25,0.5,0.375,0.125,0.375,0.125,1684,False,-10.27947349636934,7.767771281475289,1.8365534771549696
T013_L_P00341,T013,L,T008,test,26,0.375,0.375,0.25,0.375,0.25,1756,False,-9.215919941683204,9.535925951427256,2.2008305441807288
T013_L_P00342,T013,L,T008,test,27,0.25,0.375,0.375,0.375,0.375,2429,False,-7.933615517582668,11.466773863545534,2.26488496730572
T013_L_P00343,T013,L,T008,test,28,0.125,0.375,0.5,0.375,0.5,2324,False,-7.284532694610042,13.570208630776348,2.0514710504428244
T013_L_P00344,T013,L,T008,test,29,0.0,0.375,0.625,0.375,0.625,300,False,-6.718262883302672,15.24431579553035,1.6004245744961803
T013_L_P00345,T013,L,T008,test,30,0.5,0.5,0.0,0.5,0.0,1712,False,-10.30165958404541,8.932569602707318,2.3105631965045297
T013_L_P00346,T013,L,T008,test,31,0.375,0.5,0.125,0.5,0.125,2129,False,-9.061458922979186,10.792631184015166,2.3295488166653504
T013_L_P00347,T013,L,T008,test,32,0.25,0.5,0.25,0.5,0.25,1171,False,-8.529542325701897,12.964488429596122,2.1479118458097033
T013_L_P00348,T013,L,T008,test,33,0.125,0.5,0.375,0.5,0.375,1312,False,-7.863547961759244,14.826124590755464,1.7280948243957788
T013_L_P00349,T013,L,T008,test,34,0.0,0.5,0.5,0.5,0.5,294,False,-7.204762650500996,16.53081485417042,1.2844259679634342
T013_L_P00350,T013,L,T008,test,35,0.375,0.625,0.0,0.625,0.0,2376,False,-9.699101445518945,12.237564734457427,2.196181961735827
T013_L_P00351,T013,L,T008,test,36,0.25,0.625,0.125,0.625,0.125,1250,False,-8.871486835339518,14.26847497022181,1.8231908880229257
T013_L_P00352,T013,L,T008,test,37,0.125,0.625,0.25,0.625,0.25,1464,False,-8.138541444821975,15.93867470713581,1.3714444275142628
T013_L_P00353,T013,L,T008,test,38,0.0,0.625,0.375,0.625,0.375,269,False,-7.501659870147705,17.87492191988617,0.8795093933122358
T013_L_P00354,T013,L,T008,test,39,0.25,0.75,0.0,0.75,0.0,917,False,-9.101659774780273,15.436968939907041,1.3735259514471225
T013_L_P00355,T013,L,T008,test,40,0.125,0.75,0.125,0.75,0.125,991,False,-8.363724569932124,17.207332861822195,0.8262159051324942
T013_L_P00356,T013,L,T008,test,41,0.0,0.75,0.25,0.75,0.25,216,False,-7.90017123292539,19.225173173880847,0.43349450212500523
T013_L_P00357,T013,L,T008,test,42,0.125,0.875,0.0,0.875,0.0,922,False,-8.70166015625,18.541309053548442,0.06110218940372392
T013_L_P00358,T013,L,T008,test,43,0.0,0.875,0.125,0.875,0.125,160,False,-8.149345994920795,20.38228763920382,-0.36762783629130946
T013_L_P00359,T013,L,T008,test,44,0.0,1.0,0.0,1.0,0.0,-1,True,,,
T013_L_P00360,T013,L,T009,test,0,1.0,0.0,0.0,0.0,0.0,-1,True,,,
T013_L_P00361,T013,L,T009,test,1,0.875,0.0,0.125,0.0,0.125,-1,True,,,
T013_L_P00362,T013,L,T009,test,2,0.75,0.0,0.25,0.0,0.25,-1,True,,,
T013_L_P00363,T013,L,T009,test,3,0.625,0.0,0.375,0.0,0.375,-1,True,,,
T013_L_P00364,T013,L,T009,test,4,0.5,0.0,0.5,0.0,0.5,-1,True,,,
T013_L_P00365,T013,L,T009,test,5,0.375,0.0,0.625,0.0,0.625,-1,True,,,
T013_L_P00366,T013,L,T009,test,6,0.25,0.0,0.75,0.0,0.75,29,False,-7.037454861194078,17.363506879383387,1.0779160861149228
T013_L_P00367,T013,L,T009,test,7,0.125,0.0,0.875,0.0,0.875,2,False,-6.5361774798095205,16.662230024010622,1.1816898629058086
T013_L_P00368,T013,L,T009,test,8,0.0,0.0,1.0,0.0,1.0,9,False,-5.901659965515137,16.027711868286133,1.232390284538269
T013_L_P00369,T013,L,T009,test,9,0.875,0.125,0.0,0.125,0.0,-1,True,,,
T013_L_P00370,T013,L,T009,test,10,0.75,0.125,0.125,0.125,0.125,-1,True,,,
T013_L_P00371,T013,L,T009,test,11,0.625,0.125,0.25,0.125,0.25,-1,True,,,
T013_L_P00372,T013,L,T009,test,12,0.5,0.125,0.375,0.125,0.375,-1,True,,,
T013_L_P00373,T013,L,T009,test,13,0.375,0.125,0.5,0.125,0.5,55,False,-7.213785041254348,17.533607806636788,1.019740826667297
T013_L_P00374,T013,L,T009,test,14,0.25,0.125,0.625,0.125,0.625,26,False,-6.848416032378033,16.78044765927819,1.1975586619820997
T013_L_P00375,T013,L,T009,test,15,0.125,0.125,0.75,0.125,0.75,8,False,-6.250391007776091,16.185488707946384,1.2655856334662565
T013_L_P00376,T013,L,T009,test,16,0.0,0.125,0.875,0.125,0.875,88,False,-5.901659965515137,15.402629104889781,1.365116144673888
T013_L_P00377,T013,L,T009,test,17,0.75,0.25,0.0,0.25,0.0,-1,True,,,
T013_L_P00378,T013,L,T009,test,18,0.625,0.25,0.125,0.25,0.125,-1,True,,,
T013_L_P00379,T013,L,T009,test,19,0.5,0.25,0.25,0.25,0.25,58,False,-7.383941293152878,17.688441416875627,0.946711642368417
T013_L_P00380,T013,L,T009,test,20,0.375,0.25,0.375,0.25,0.375,41,False,-7.147002897881301,16.951436560327934,1.189043155114688
T013_L_P00381,T013,L,T009,test,21,0.25,0.25,0.5,0.25,0.5,21,False,-6.513680818322906,16.233551057994333,1.283998695102683
T013_L_P00382,T013,L,T009,test,22,0.125,0.25,0.625,0.25,0.625,92,False,-6.215811835230618,15.52824744340046,1.4110167003864234
T013_L_P00383,T013,L,T009,test,23,0.0,0.25,0.75,0.25,0.75,151,False,-5.901659965515137,14.779573219120497,1.5086159552386555
T013_L_P00384,T013,L,T009,test,24,0.625,0.375,0.0,0.375,0.0,-1,True,,,
T013_L_P00385,T013,L,T009,test,25,0.5,0.375,0.125,0.375,0.125,49,False,-7.388985882690187,17.099477649885102,1.1489188797193322
T013_L_P00386,T013,L,T009,test,26,0.375,0.375,0.25,0.375,0.25,22,False,-6.857543594756393,16.385830259566866,1.2862652037985431
T013_L_P00387,T013,L,T009,test,27,0.25,0.375,0.375,0.375,0.375,95,False,-6.5097255722669605,15.72935060233986,1.4103820632817043
T013_L_P00388,T013,L,T009,test,28,0.125,0.375,0.5,0.375,0.5,122,False,-6.175259715904864,14.913377981086024,1.5463716744369196
T013_L_P00389,T013,L,T009,test,29,0.0,0.375,0.625,0.375,0.625,165,False,-5.901659965515137,14.153996118326155,1.6431571598225523
T013_L_P00390,T013,L,T009,test,30,0.5,0.5,0.0,0.5,0.0,63,False,-7.204762650500996,16.53081485417042,1.2844259679634342
T013_L_P00391,T013,L,T009,test,31,0.375,0.5,0.125,0.5,0.125,98,False,-6.899959259480323,15.877502244159249,1.4516919686207426
T013_L_P00392,T013,L,T009,test,32,0.25,0.5,0.25,0.5,0.25,127,False,-6.449884550146281,15.072782427259646,1.5832608779089372
T013_L_P00393,T013,L,T009,test,33,0.125,0.5,0.375,0.5,0.375,164,False,-6.073829651927806,14.370163781621017,1.6465860367646985
T013_L_P00394,T013,L,T009,test,34,0.0,0.5,0.5,0.5,0.5,-1,True,,,
T013_L_P00395,T013,L,T009,test,35,0.375,0.625,0.0,0.625,0.0,136,False,-6.718262883302672,15.24431579553035,1.6004245744961803
T013_L_P00396,T013,L,T009,test,36,0.25,0.625,0.125,0.625,0.125,159,False,-6.330395345132073,14.526740717217166,1.6857709032664803
T013_L_P00397,T013,L,T009,test,37,0.125,0.625,0.25,0.625,0.25,-1,True,,,
T013_L_P00398,T013,L,T009,test,38,0.0,0.625,0.375,0.625,0.375,-1,True,,,
T013_L_P00399,T013,L,T009,test,39,0.25,0.75,0.0,0.75,0.0,172,False,-6.108558599300789,13.930691459985528,1.7278981208801272
T013_L_P00400,T013,L,T009,test,40,0.125,0.75,0.125,0.75,0.125,-1,True,,,
T013_L_P00401,T013,L,T009,test,41,0.0,0.75,0.25,0.75,0.25,-1,True,,,
T013_L_P00402,T013,L,T009,test,42,0.125,0.875,0.0,0.875,0.0,-1,True,,,
T013_L_P00403,T013,L,T009,test,43,0.0,0.875,0.125,0.875,0.125,-1,True,,,
T013_L_P00404,T013,L,T009,test,44,0.0,1.0,0.0,1.0,0.0,-1,True,,,
T013_L_P00405,T013,L,T010,test,0,1.0,0.0,0.0,0.0,0.0,-1,True,,,
T013_L_P00406,T013,L,T010,test,1,0.875,0.0,0.125,0.0,0.125,1167,False,-7.901659965515137,10.844614050003933,-9.682876590119792
T013_L_P00407,T013,L,T010,test,2,0.75,0.0,0.25,0.0,0.25,1251,False,-8.207093945292073,10.8416305907954,-7.385949998041266
T013_L_P00408,T013,L,T010,test,3,0.625,0.0,0.375,0.0,0.375,901,False,-8.101659774780273,10.463516426423679,-5.1757066497872515
T013_L_P00409,T013,L,T010,test,4,0.5,0.0,0.5,0.0,0.5,1539,False,-6.924141179404676,10.673170831343459,-3.372831826577799
T013_L_P00410,T013,L,T010,test,5,0.375,0.0,0.625,0.0,0.625,1713,False,-5.308805683664776,11.968076833768457,-2.3380859605258624
T013_L_P00411,T013,L,T010,test,6,0.25,0.0,0.75,0.0,0.75,1678,False,-4.1155057133561055,13.477450040905271,-1.001794637508728
T013_L_P00412,T013,L,T010,test,7,0.125,0.0,0.875,0.0,0.875,33,False,-4.186702222177843,14.717754503193081,0.6699314211399232
T013_L_P00413,T013,L,T010,test,8,0.0,0.0,1.0,0.0,1.0,0,False,-5.901659965515137,16.027711868286133,1.232390284538269
T013_L_P00414,T013,L,T010,test,9,0.875,0.125,0.0,0.125,0.0,1164,False,-7.701659679412842,10.782457775954775,-9.827003240623387
T013_L_P00415,T013,L,T010,test,10,0.75,0.125,0.125,0.125,0.125,1144,False,-7.728289966340783,10.45445130931615,-7.627899874033887
T013_L_P00416,T013,L,T010,test,11,0.625,0.125,0.25,0.125,0.25,912,False,-7.763071654137386,10.224919165501044,-5.368438143252389
T013_L_P00417,T013,L,T010,test,12,0.5,0.125,0.375,0.125,0.375,1529,False,-6.835739796306531,10.355115187184733,-3.4723980742242766
T013_L_P00418,T013,L,T010,test,13,0.375,0.125,0.5,0.125,0.5,1533,False,-5.3255365628098295,11.564202810229842,-2.4194089475538805
T013_L_P00419,T013,L,T010,test,14,0.25,0.125,0.625,0.125,0.625,1679,False,-4.046483361994856,12.968741737863443,-0.98833678925132
T013_L_P00420,T013,L,T010,test,15,0.125,0.125,0.75,0.125,0.75,192,False,-4.137708796107442,14.033174923764555,0.7623184648387069
T013_L_P00421,T013,L,T010,test,16,0.0,0.125,0.875,0.125,0.875,80,False,-5.901659965515136,15.402629104889781,1.365116144673888
T013_L_P00422,T013,L,T010,test,17,0.75,0.25,0.0,0.25,0.0,1129,False,-7.30165958404541,10.153551654650116,-7.82776379185538
T013_L_P00423,T013,L,T010,test,18,0.625,0.25,0.125,0.25,0.125,1010,False,-7.547025516251535,9.835865021520306,-5.558845702204677
T013_L_P00424,T013,L,T010,test,19,0.5,0.25,0.25,0.25,0.25,817,False,-6.688359078183325,10.015094467487218,-3.5908648771625034
T013_L_P00425,T013,L,T010,test,20,0.375,0.25,0.375,0.25,0.375,1518,False,-5.30199180615009,11.141560699815109,-2.5071053384196977
T013_L_P00426,T013,L,T010,test,21,0.25,0.25,0.5,0.25,0.5,1563,False,-3.9799922162737675,12.482267257665958,-0.995938652038202
T013_L_P00427,T013,L,T010,test,22,0.125,0.25,0.625,0.25,0.625,179,False,-3.9368013523150105,13.577866655176354,0.7199700012057413
T013_L_P00428,T013,L,T010,test,23,0.0,0.25,0.75,0.25,0.75,89,False,-5.901659965515137,14.779573219120497,1.5086159552386555
T013_L_P00429,T013,L,T010,test,24,0.625,0.375,0.0,0.375,0.0,1156,False,-7.250442717954612,9.598247401894856,-5.8013535001046215
T013_L_P00430,T013,L,T010,test,25,0.5,0.375,0.125,0.375,0.125,813,False,-6.628495634876714,9.653942919866806,-3.8150062879366393
T013_L_P00431,T013,L,T010,test,26,0.375,0.375,0.25,0.375,0.25,1593,False,-5.232460503182103,10.731112120304834,-2.5927366316991067
T013_L_P00432,T013,L,T010,test,27,0.25,0.375,0.375,0.375,0.375,1634,False,-3.886689922486721,11.98457684638472,-1.024195510902444
T013_L_P00433,T013,L,T010,test,28,0.125,0.375,0.5,0.375,0.5,216,False,-3.962053566159354,13.148842549734738,0.8579507581384604
T013_L_P00434,T013,L,T010,test,29,0.0,0.375,0.625,0.375,0.625,469,False,-5.901659965515137,14.153996118326157,1.643157159822552
T013_L_P00435,T013,L,T010,test,30,0.5,0.5,0.0,0.5,0.0,809,False,-6.554201088703431,9.479617840706837,-3.9371334576078114
T013_L_P00436,T013,L,T010,test,31,0.375,0.5,0.125,0.5,0.125,1595,False,-5.11734696417173,10.350910705985033,-2.666879198255767
T013_L_P00437,T013,L,T010,test,32,0.25,0.5,0.25,0.5,0.25,1682,False,-3.7651290260888324,11.45093142692249,-1.0834705504896416
T013_L_P00438,T013,L,T010,test,33,0.125,0.5,0.375,0.5,0.375,330,False,-3.8381973057072702,12.518559831135164,0.8698232317786674
T013_L_P00439,T013,L,T010,test,34,0.0,0.5,0.5,0.5,0.5,487,False,-5.843467731522457,13.532666420420732,1.727898120880127
T013_L_P00440,T013,L,T010,test,35,0.375,0.625,0.0,0.625,0.0,1420,False,-4.917400811781201,10.027711868286133,-2.684315908623059
T013_L_P00441,T013,L,T010,test,36,0.25,0.625,0.125,0.625,0.125,1781,False,-3.5960278792632447,10.900010713458746,-1.14686624685297
T013_L_P00442,T013,L,T010,test,37,0.125,0.625,0.25,0.625,0.25,377,False,-3.7895036243464335,12.007675225763473,0.8919934114372416
T013_L_P00443,T013,L,T010,test,38,0.0,0.625,0.375,0.625,0.375,1356,False,-5.691872570212281,12.93156793140857,1.750202996186709
T013_L_P00444,T013,L,T010,test,39,0.25,0.75,0.0,0.75,0.0,779,False,-3.4695514963323397,10.398540546142504,-1.1760548935354413
T013_L_P00445,T013,L,T010,test,40,0.125,0.75,0.125,0.75,0.125,653,False,-3.753996305112815,11.263730505834777,0.856122696742533
T013_L_P00446,T013,L,T010,test,41,0.0,0.75,0.25,0.75,0.25,1362,False,-5.701659679412842,12.295264252843907,1.7736095037162176
T013_L_P00447,T013,L,T010,test,42,0.125,0.875,0.0,0.875,0.0,638,False,-3.7834069388101583,10.827712059020996,0.7767003988921412
T013_L_P00448,T013,L,T010,test,43,0.0,0.875,0.125,0.875,0.125,1357,False,-5.701659679412843,11.659044534372693,1.731886270928423
T013_L_P00449,T013,L,T010,test,44,0.0,1.0,0.0,1.0,0.0,1296,False,-5.701659679412842,11.027711868286133,1.6981251239776611
T013_L_P00450,T013,L,T011,test,0,1.0,0.0,0.0,0.0,0.0,-1,True,,,
T013_L_P00451,T013,L,T011,test,1,0.875,0.0,0.125,0.0,0.125,455,False,-14.20918379259283,6.827712059020996,-6.419892448779988
T013_L_P00452,T013,L,T011,test,2,0.75,0.0,0.25,0.0,0.25,0,False,-13.559167066003386,6.396119678761753,-4.397427144965544
T013_L_P00453,T013,L,T011,test,3,0.625,0.0,0.375,0.0,0.375,2564,False,-12.28503273583264,5.827712059020996,-2.864962255840844
T013_L_P00454,T013,L,T011,test,4,0.5,0.0,0.5,0.0,0.5,689,False,-10.969391082438197,5.811818992725188,-1.1589258664668636
T013_L_P00455,T013,L,T011,test,5,0.375,0.0,0.625,0.0,0.625,731,False,-9.643978645622008,6.52498621940938,0.3533396304304581
T013_L_P00456,T013,L,T011,test,6,0.25,0.0,0.75,0.0,0.75,1597,False,-8.084769296603202,7.701034953813951,1.127898097038269
T013_L_P00457,T013,L,T011,test,7,0.125,0.0,0.875,0.0,0.875,1638,False,-6.808340706039717,9.192508555881954,1.727898120880127
T013_L_P00458,T013,L,T011,test,8,0.0,0.0,1.0,0.0,1.0,2971,False,-5.701659679412842,11.027711868286133,1.6981251239776611
T013_L_P00459,T013,L,T011,test,9,0.875,0.125,0.0,0.125,0.0,526,False,-14.30295113681207,6.42829507032665,-7.561559577343481
T013_L_P00460,T013,L,T011,test,10,0.75,0.125,0.125,0.125,0.125,200,False,-13.267797846950026,6.247045652322138,-5.669380405963432
T013_L_P00461,T013,L,T011,test,11,0.625,0.125,0.25,0.125,0.25,303,False,-12.232649469406205,5.734309019869461,-4.061151371183629
T013_L_P00462,T013,L,T011,test,12,0.5,0.125,0.375,0.125,0.375,2587,False,-11.101346861437813,5.573208924923648,-2.144090984878509
T013_L_P00463,T013,L,T011,test,13,0.375,0.125,0.5,0.125,0.5,863,False,-9.799741466093076,5.997079134638762,-0.62328788397909
T013_L_P00464,T013,L,T011,test,14,0.25,0.125,0.625,0.125,0.625,1423,False,-8.177160327675946,6.85120870651455,0.3200553537229889
T013_L_P00465,T013,L,T011,test,15,0.125,0.125,0.75,0.125,0.75,1667,False,-6.820248983401589,8.248369016391184,1.225353399450529
T013_L_P00466,T013,L,T011,test,16,0.0,0.125,0.875,0.125,0.875,2968,False,-5.701659679412842,10.023811496724255,1.5916878721393475
T013_L_P00467,T013,L,T011,test,17,0.75,0.25,0.0,0.25,0.0,436,False,-13.125321080348694,5.910047395771535,-6.8786573386346594
T013_L_P00468,T013,L,T011,test,18,0.625,0.25,0.125,0.25,0.125,281,False,-12.116200334088415,5.559597490531833,-5.256386990202663
T013_L_P00469,T013,L,T011,test,19,0.5,0.25,0.25,0.25,0.25,2668,False,-11.131817363550766,5.328215058805354,-3.3317042101333483
T013_L_P00470,T013,L,T011,test,20,0.375,0.25,0.375,0.25,0.375,835,False,-9.715937383675007,5.602673940719935,-1.5612920949270808
T013_L_P00471,T013,L,T011,test,21,0.25,0.25,0.5,0.25,0.5,1169,False,-8.339374265997236,6.331089731897272,-0.29025133424932864
T013_L_P00472,T013,L,T011,test,22,0.125,0.25,0.625,0.25,0.625,2088,False,-6.735681839816682,7.423585748386611,0.5552261820746397
T013_L_P00473,T013,L,T011,test,23,0.0,0.25,0.75,0.25,0.75,555,False,-5.701659679412842,9.06829785080866,1.2735781227844472
T013_L_P00474,T013,L,T011,test,24,0.625,0.375,0.0,0.375,0.0,480,False,-11.931607215436763,5.1701957091676665,-6.472102165222168
T013_L_P00475,T013,L,T011,test,25,0.5,0.375,0.125,0.375,0.125,2862,False,-11.037555932592063,5.090991722961016,-4.465436753442158
T013_L_P00476,T013,L,T011,test,26,0.375,0.375,0.25,0.375,0.25,950,False,-9.787925637039985,5.225350856371721,-2.5454163801946925
T013_L_P00477,T013,L,T011,test,27,0.25,0.375,0.375,0.375,0.375,1120,False,-8.570330574038557,5.759207550584602,-1.2216616912377882
T013_L_P00478,T013,L,T011,test,28,0.125,0.375,0.5,0.375,0.5,1483,False,-6.829740834967241,6.8062341677791425,-0.08166400575397724
T013_L_P00479,T013,L,T011,test,29,0.0,0.375,0.625,0.375,0.625,1730,False,-5.701659679412842,8.196345477395967,0.776117290586388
T013_L_P00480,T013,L,T011,test,30,0.5,0.5,0.0,0.5,0.0,1781,False,-10.77130849188946,4.627712249755859,-5.808607177258174
T013_L_P00481,T013,L,T011,test,31,0.375,0.5,0.125,0.5,0.125,2716,False,-9.749394084529412,4.793094492548094,-3.668742858272875
T013_L_P00482,T013,L,T011,test,32,0.25,0.5,0.25,0.5,0.25,911,False,-8.665889668606372,5.271698436238073,-2.1379758820632815
T013_L_P00483,T013,L,T011,test,33,0.125,0.5,0.375,0.5,0.375,1391,False,-7.056633239834073,6.199069277827874,-0.8059665035155491
T013_L_P00484,T013,L,T011,test,34,0.0,0.5,0.5,0.5,0.5,2148,False,-5.701659679412842,7.404378331468493,0.14951486610182269
T013_L_P00485,T013,L,T011,test,35,0.375,0.625,0.0,0.625,0.0,1782,False,-9.71206736040894,4.23284938240995,-4.968869635434349
T013_L_P00486,T013,L,T011,test,36,0.25,0.625,0.125,0.625,0.125,1869,False,-8.66789325540506,4.829255566437786,-2.95463486247249
T013_L_P00487,T013,L,T011,test,37,0.125,0.625,0.25,0.625,0.25,1947,False,-7.310523308854844,5.612769921073969,-1.6545440600837935
T013_L_P00488,T013,L,T011,test,38,0.0,0.625,0.375,0.625,0.375,2053,False,-5.701659679412841,6.697863258191776,-0.5723975962305612
T013_L_P00489,T013,L,T011,test,39,0.25,0.75,0.0,0.75,0.0,1824,False,-8.593006517930124,4.227712154388428,-3.9865007689485354
T013_L_P00490,T013,L,T011,test,40,0.125,0.75,0.125,0.75,0.125,2238,False,-7.449624582669797,5.042890396130588,-2.514231100816546
T013_L_P00491,T013,L,T011,test,41,0.0,0.75,0.25,0.75,0.25,2051,False,-5.701659679412842,6.076072657077365,-1.3697912798039549
T013_L_P00492,T013,L,T011,test,42,0.125,0.875,0.0,0.875,0.0,2316,False,-7.270324381178989,4.283450078064373,-3.44076668658266
T013_L_P00493,T013,L,T011,test,43,0.0,0.875,0.125,0.875,0.125,2372,False,-5.905120863379757,5.4252632028651435,-2.106781788890213
T013_L_P00494,T013,L,T011,test,44,0.0,1.0,0.0,1.0,0.0,2296,False,-6.101659774780273,4.827712059020996,-2.8262829780578613
T013_L_P00495,T013,L,T012,test,0,1.0,0.0,0.0,0.0,0.0,-1,True,,,
T013_L_P00496,T013,L,T012,test,1,0.875,0.0,0.125,0.0,0.125,1628,False,-7.701659679412843,10.782457775954779,-9.827003240623387
T013_L_P00497,T013,L,T012,test,2,0.75,0.0,0.25,0.0,0.25,1307,False,-7.301659584045411,10.153551654650117,-7.82776379185538
T013_L_P00498,T013,L,T012,test,3,0.625,0.0,0.375,0.0,0.375,1449,False,-7.250442717954611,9.598247401894854,-5.80135350010462
T013_L_P00499,T013,L,T012,test,4,0.5,0.0,0.5,0.0,0.5,2781,False,-6.554201088703434,9.479617840706835,-3.937133457607814
T013_L_P00500,T013,L,T012,test,5,0.375,0.0,0.625,0.0,0.625,466,False,-4.9174008117812,10.027711868286133,-2.684315908623059
T013_L_P00501,T013,L,T012,test,6,0.25,0.0,0.75,0.0,0.75,300,False,-3.4695514963323424,10.398540546142502,-1.1760548935354445
T013_L_P00502,T013,L,T012,test,7,0.125,0.0,0.875,0.0,0.875,267,False,-3.783406938810157,10.827712059020996,0.7767003988921398
T013_L_P00503,T013,L,T012,test,8,0.0,0.0,1.0,0.0,1.0,2772,False,-5.701659679412842,11.027711868286133,1.6981251239776611
T013_L_P00504,T013,L,T012,test,9,0.875,0.125,0.0,0.125,0.0,1604,False,-7.306272389208342,10.917001375763315,-10.43979119026453
T013_L_P00505,T013,L,T012,test,10,0.75,0.125,0.125,0.125,0.125,1301,False,-7.210414657457472,10.090152702683527,-8.436680245003375
T013_L_P00506,T013,L,T012,test,11,0.625,0.125,0.25,0.125,0.25,1498,False,-6.858177526067087,9.348924493201784,-6.523577101612911
T013_L_P00507,T013,L,T012,test,12,0.5,0.125,0.375,0.125,0.375,2788,False,-6.4447743598651375,8.94841359986469,-4.647744650901311
T013_L_P00508,T013,L,T012,test,13,0.375,0.125,0.5,0.125,0.5,1150,False,-4.9607894545174815,9.408724451510022,-3.067593603043986
T013_L_P00509,T013,L,T012,test,14,0.25,0.125,0.625,0.125,0.625,489,False,-3.6561919874107947,9.343466294435132,-1.6769450550002782
T013_L_P00510,T013,L,T012,test,15,0.125,0.125,0.75,0.125,0.75,230,False,-3.7512134073018686,9.736711309181064,0.31132511170057414
T013_L_P00511,T013,L,T012,test,16,0.0,0.125,0.875,0.125,0.875,2739,False,-5.701659679412842,10.023811496724253,1.5916878721393475
T013_L_P00512,T013,L,T012,test,17,0.75,0.25,0.0,0.25,0.0,1323,False,-7.034318229528152,10.079935861592137,-8.951016894688635
T013_L_P00513,T013,L,T012,test,18,0.625,0.25,0.125,0.25,0.125,1354,False,-6.4480082449158,9.515403275060878,-7.069937324094492
T013_L_P00514,T013,L,T012,test,19,0.5,0.25,0.25,0.25,0.25,2439,False,-5.958464536583042,8.708474803436475,-5.279039543000095
T013_L_P00515,T013,L,T012,test,20,0.375,0.25,0.375,0.25,0.375,2626,False,-4.8740089363399,8.805914221826932,-3.5281119277425033
T013_L_P00516,T013,L,T012,test,21,0.25,0.25,0.5,0.25,0.5,557,False,-3.812600579696357,8.707858478266335,-2.0473198383943476
T013_L_P00517,T013,L,T012,test,22,0.125,0.25,0.625,0.25,0.625,713,False,-3.8061758615854444,8.721175699684318,-0.2429084392542652
T013_L_P00518,T013,L,T012,test,23,0.0,0.25,0.75,0.25,0.75,139,False,-5.701659679412842,9.06829785080866,1.2735781227844472
T013_L_P00519,T013,L,T012,test,24,0.625,0.375,0.0,0.375,0.0,1294,False,-6.261739314988041,9.316898600700414,-7.616285725234915
T013_L_P00520,T013,L,T012,test,25,0.5,0.375,0.125,0.375,0.125,2382,False,-5.4760849843585255,8.767017577009193,-5.927455018098502
T013_L_P00521,T013,L,T012,test,26,0.375,0.375,0.25,0.375,0.25,2592,False,-4.786705273721344,8.437359682104512,-4.090828871053057
T013_L_P00522,T013,L,T012,test,27,0.25,0.375,0.375,0.375,0.375,537,False,-3.8658014291276435,8.08945616689744,-2.7334573704954495
T013_L_P00523,T013,L,T012,test,28,0.125,0.375,0.5,0.375,0.5,799,False,-4.062320600014905,7.825174273674472,-0.6907294183699797
T013_L_P00524,T013,L,T012,test,29,0.0,0.375,0.625,0.375,0.625,1509,False,-5.701659679412842,8.196345477395965,0.776117290586388
T013_L_P00525,T013,L,T012,test,30,0.5,0.5,0.0,0.5,0.0,2063,False,-5.300948680133725,8.375939717288924,-6.6710668299202736
T013_L_P00526,T013,L,T012,test,31,0.375,0.5,0.125,0.5,0.125,2018,False,-4.584676622123816,8.004946730902343,-4.731776453178702
T013_L_P00527,T013,L,T012,test,32,0.25,0.5,0.25,0.5,0.25,2165,False,-4.034016342675724,7.538156824573106,-3.2585755183179206
T013_L_P00528,T013,L,T012,test,33,0.125,0.5,0.375,0.5,0.375,1002,False,-4.157761528154461,7.085507241793105,-1.4098089624690293
T013_L_P00529,T013,L,T012,test,34,0.0,0.5,0.5,0.5,0.5,1726,False,-5.701659679412842,7.404378331468494,0.1495148661018226
T013_L_P00530,T013,L,T012,test,35,0.375,0.625,0.0,0.625,0.0,1934,False,-4.61730722993033,7.62771224975586,-5.242021079841223
T013_L_P00531,T013,L,T012,test,36,0.25,0.625,0.125,0.625,0.125,1996,False,-4.13900162432094,6.911484905636106,-3.679537223605957
T013_L_P00532,T013,L,T012,test,37,0.125,0.625,0.25,0.625,0.25,2301,False,-4.280482543610118,6.5155115499942715,-2.0079231815679526
T013_L_P00533,T013,L,T012,test,38,0.0,0.625,0.375,0.625,0.375,1675,False,-5.701659679412842,6.697863258191777,-0.5723975962305614
T013_L_P00534,T013,L,T012,test,39,0.25,0.75,0.0,0.75,0.0,1960,False,-4.262019977648387,6.625474624070921,-4.069864446837252
T013_L_P00535,T013,L,T012,test,40,0.125,0.75,0.125,0.75,0.125,2293,False,-4.588101904840597,5.887743315467168,-2.469872200647753
T013_L_P00536,T013,L,T012,test,41,0.0,0.75,0.25,0.75,0.25,1652,False,-5.701659679412841,6.076072657077364,-1.3697912798039549
T013_L_P00537,T013,L,T012,test,42,0.125,0.875,0.0,0.875,0.0,2679,False,-4.642586120880884,5.39296184893127,-3.0721020698547363
T013_L_P00538,T013,L,T012,test,43,0.0,0.875,0.125,0.875,0.125,1780,False,-5.905120863379756,5.4252632028651435,-2.1067817888902125
T013_L_P00539,T013,L,T012,test,44,0.0,1.0,0.0,1.0,0.0,1769,False,-6.101659774780273,4.827712059020996,-2.8262829780578613
T013_L_P00540,T013,L,T013,test,0,1.0,0.0,0.0,0.0,0.0,372,False,-15.501660346984863,6.827712059020996,-8.214210510253906
T013_L_P00541,T013,L,T013,test,1,0.875,0.0,0.125,0.0,0.125,373,False,-13.717738869091406,4.335905998246175,-8.872101783752441
T013_L_P00542,T013,L,T013,test,2,0.75,0.0,0.25,0.0,0.25,810,False,-12.901659965515137,1.2605889148734453,-8.519520033997669
T013_L_P00543,T013,L,T013,test,3,0.625,0.0,0.375,0.0,0.375,1393,False,-12.70166015625,-1.3307670980197064,-6.608140302311684
T013_L_P00544,T013,L,T013,test,4,0.5,0.0,0.5,0.0,0.5,5283,False,-11.901659965515137,-4.083163849814692,-5.832363669600777
T013_L_P00545,T013,L,T013,test,5,0.375,0.0,0.625,0.0,0.625,5529,False,-11.501660346984863,-7.256807299086454,-5.780240021859026
T013_L_P00546,T013,L,T013,test,6,0.25,0.0,0.75,0.0,0.75,4929,False,-11.101659774780273,-10.392330278026533,-5.145997120192804
T013_L_P00547,T013,L,T013,test,7,0.125,0.0,0.875,0.0,0.875,6660,False,-10.70166015625,-13.21365693706494,-3.708594650820788
T013_L_P00548,T013,L,T013,test,8,0.0,0.0,1.0,0.0,1.0,6626,False,-10.501660346984863,-14.56293773651123,-0.872101902961731
T013_L_P00549,T013,L,T013,test,9,0.875,0.125,0.0,0.125,0.0,133,False,-14.30295113681207,6.428295070326651,-7.561559577343481
T013_L_P00550,T013,L,T013,test,10,0.75,0.125,0.125,0.125,0.125,607,False,-12.485903246833544,3.9464061738107103,-8.27348905277585
T013_L_P00551,T013,L,T013,test,11,0.625,0.125,0.25,0.125,0.25,1128,False,-11.674357011033225,0.8204233893673948,-7.769731561052502
T013_L_P00552,T013,L,T013,test,12,0.5,0.125,0.375,0.125,0.375,1475,False,-11.833077572864973,-1.4577541128916651,-5.774121386350709
T013_L_P00553,T013,L,T013,test,13,0.375,0.125,0.5,0.125,0.5,5376,False,-10.98287743615057,-4.519723813571647,-5.6811069900568985
T013_L_P00554,T013,L,T013,test,14,0.25,0.125,0.625,0.125,0.625,5542,False,-10.478442842083037,-7.688145736441559,-5.608318541538696
T013_L_P00555,T013,L,T013,test,15,0.125,0.125,0.75,0.125,0.75,5811,False,-9.926393166331803,-10.864278998604698,-4.848949816979873
T013_L_P00556,T013,L,T013,test,16,0.0,0.125,0.875,0.125,0.875,6724,False,-9.287227455102434,-13.542139610370512,-2.9574389436676025
T013_L_P00557,T013,L,T013,test,17,0.75,0.25,0.0,0.25,0.0,14,False,-13.125321080348694,5.910047395771535,-6.8786573386346594
T013_L_P00558,T013,L,T013,test,18,0.625,0.25,0.125,0.25,0.125,2025,False,-11.253193486414169,3.4125817604571234,-7.775414012248934
T013_L_P00559,T013,L,T013,test,19,0.5,0.25,0.25,0.25,0.25,1688,False,-10.69956481884946,0.5697030443446925,-6.905007103736264
T013_L_P00560,T013,L,T013,test,20,0.375,0.25,0.375,0.25,0.375,2274,False,-10.889556256573107,-1.8895805044378782,-5.384371768759108
T013_L_P00561,T013,L,T013,test,21,0.25,0.25,0.5,0.25,0.5,6218,False,-10.129661601710906,-4.959057656700196,-5.541269480180613
T013_L_P00562,T013,L,T013,test,22,0.125,0.25,0.625,0.25,0.625,5598,False,-9.535545980848543,-8.050512979516265,-5.280589042229685
T013_L_P00563,T013,L,T013,test,23,0.0,0.25,0.75,0.25,0.75,5881,False,-8.501659393310547,-11.193088219785032,-4.31642658199903
T013_L_P00564,T013,L,T013,test,24,0.625,0.375,0.0,0.375,0.0,67,False,-11.931607215436763,5.1701957091676665,-6.472102165222168
T013_L_P00565,T013,L,T013,test,25,0.5,0.375,0.125,0.375,0.125,3451,False,-10.293737000256346,2.9717964372223853,-6.879183805344274
T013_L_P00566,T013,L,T013,test,26,0.375,0.375,0.25,0.375,0.25,3260,False,-9.81061730324011,0.36926550938550806,-6.204540188359994
T013_L_P00567,T013,L,T013,test,27,0.25,0.375,0.375,0.375,0.375,2470,False,-9.930497493466193,-2.27077623053702,-5.153471040375336
T013_L_P00568,T013,L,T013,test,28,0.125,0.375,0.5,0.375,0.5,6189,False,-9.261883405866971,-5.312318010615229,-5.279141127377092
T013_L_P00569,T013,L,T013,test,29,0.0,0.375,0.625,0.375,0.625,5999,False,-8.501659393310547,-8.420822068107602,-5.072936458037552
T013_L_P00570,T013,L,T013,test,30,0.5,0.5,0.0,0.5,0.0,4271,False,-10.77130849188946,4.627712249755859,-5.808607177258174
T013_L_P00571,T013,L,T013,test,31,0.375,0.5,0.125,0.5,0.125,3598,False,-9.313831288368045,2.7067268970996,-6.084821391753143
T013_L_P00572,T013,L,T013,test,32,0.25,0.5,0.25,0.5,0.25,3163,False,-8.869800190803865,0.16294057548690447,-5.481170773347162
T013_L_P00573,T013,L,T013,test,33,0.125,0.5,0.375,0.5,0.375,2584,False,-8.8935531465324,-2.5468516020864524,-4.970420300557753
T013_L_P00574,T013,L,T013,test,34,0.0,0.5,0.5,0.5,0.5,6243,False,-8.501659393310547,-5.528834297473716,-5.098353833795798
T013_L_P00575,T013,L,T013,test,35,0.375,0.625,0.0,0.625,0.0,4324,False,-9.71206736040894,4.23284938240995,-4.968869635434349
T013_L_P00576,T013,L,T013,test,36,0.25,0.625,0.125,0.625,0.125,3690,False,-8.327685801068005,2.5248503775075135,-5.30993614375815
T013_L_P00577,T013,L,T013,test,37,0.125,0.625,0.25,0.625,0.25,2891,False,-7.802935473567247,-0.11071194938455536,-5.035592738187352
T013_L_P00578,T013,L,T013,test,38,0.0,0.625,0.375,0.625,0.375,2626,False,-8.096558257494141,-2.76265646339213,-4.735112791197884
T013_L_P00579,T013,L,T013,test,39,0.25,0.75,0.0,0.75,0.0,4401,False,-8.593006517930124,4.227712154388428,-3.9865007689485354
T013_L_P00580,T013,L,T013,test,40,0.125,0.75,0.125,0.75,0.125,3753,False,-7.317583560647835,2.389179463341382,-4.7598179503936775
T013_L_P00581,T013,L,T013,test,41,0.0,0.75,0.25,0.75,0.25,3026,False,-6.717565068888602,-0.3079869461241379,-4.672101974487305
T013_L_P00582,T013,L,T013,test,42,0.125,0.875,0.0,0.875,0.0,4681,False,-7.270324381178989,4.283450078064373,-3.44076668658266
T013_L_P00583,T013,L,T013,test,43,0.0,0.875,0.125,0.875,0.125,4541,False,-6.101659774780273,2.3861490195987236,-4.331331636881542
T013_L_P00584,T013,L,T013,test,44,0.0,1.0,0.0,1.0,0.0,4727,False,-6.101659774780273,4.827712059020996,-2.8262829780578613
